Player,Pos,School,Ht,Wt,40yd,Vertical,Bench,Broad_Jump,3Cone,Shuttle,Draft_Pick,Draft_Year
Darnell Alford,OT,Boston Col.,76,334,5.56,25,23,94,8.48,4.98,1,2000
Mark Baniewicz,OT,Syracuse,78,312,5.34,28,20,96,7.72,4.73,1,2000
Terrance Beadles,OG,Ark-Pine Bluff,75,312,5.19,,29,,,,-1,2000
Brad Bedell,OG,Colorado,76,302,5.07,31.5,17,103,7.76,4.58,1,2000
Cooper Carlisle,OG,Florida,77,297,5.16,31,28,100,7.82,4.48,1,2000
Joey Chustz,OT,Louisiana Tech,79,304,5.08,31,28,103,7.65,4.65,1,2000
John Saint Clair,C,Virginia,77,302,5.2,,25,,,,-1,2000
Travis Claridge,OG,USC,77,303,5.15,31.5,29,100,7.77,4.86,1,2000
Chad Clifton,OT,Tennessee,77,334,5.05,30.5,24,102,7.58,4.73,1,2000
Cosey Coleman,OG,Tennessee,76,322,5.4,28,,101,8.15,4.97,1,2000
Kurth Connell,OT,Washington,76,291,5.49,33,27,103,8.14,4.84,-1,2000
Adam Davis,OG,Oklahoma State,76,309,5.66,26,,92,8.51,5,-1,2000
Jonathan Gray,OT,Texas Tech,76,338,5.85,23,20,94,,,-1,2000
Semisi Heimuli,OG,Texas A&M,73,312,5.4,29,20,94,7.94,4.63,-1,2000
Steve Herndon,OG,Georgia,76,297,5.23,,,,,,-1,2000
Al Jackson,OG,LSU,75,304,5.2,,19,,,,-1,2000
Jeno James,OG,Auburn,75,320,5.62,25.5,24,94,8.51,5.22,1,2000
Ryan Johanningmeier,OG,Colorado,78,310,5.25,29,,107,7.9,4.66,-1,2000
Matt Johnson,OG,BYU,76,345,5.56,28,35,99,8.07,4.99,1,2000
Leander Jordan,OG,Indiana (PA),76,330,5.46,31,25,104,7.91,4.76,1,2000
Adrian Klemm,OT,Hawaii,76,307,4.98,,24,,,,1,2000
Andrew Kline,OG,San Diego State,74,305,5.43,28,26,103,7.54,4.6,1,2000
Noel LaMontagne,OG,Virginia,76,299,5.09,,21,,,,-1,2000
Stockar McDougle,OT,Oklahoma,77,361,5.5,,24,,,,1,2000
Chris McIntosh,OT,Wisconsin,78,315,5.39,,28,,,,1,2000
Damion McIntosh,OT,Kansas State,76,328,5.31,26,23,97,7.72,4.71,1,2000
Brad Meester,C,New Mexico,75,298,5.12,34,25,110,7.46,4.43,1,2000
Richard Mercier,OG,Miami (FL),75,295,5.39,26,18,97,7.84,4.78,1,2000
Mookie Moore,OG,Troy,75,320,5.45,24.5,34,94,8.37,5.06,-1,2000
Kaulana Noa,OT,Hawaii,76,317,5.34,25.5,27,98,7.82,4.74,1,2000
Matt O'Neal,C,Oklahoma,75,277,5.06,27.5,17,94,7.59,4.72,-1,2000
Greg Randall,OT,Michigan State,78,333,5.59,26,22,95,8.15,5.13,1,2000
Chase Raynock,OT,Montana,78,308,5.5,25,22,94,8.33,5,-1,2000
Tutan Reyes,OT,Mississippi,75,299,5.37,26.5,20,99,7.49,4.88,1,2000
Rob Riti,C,Missouri,74,293,5.19,29.5,17,106,,,-1,2000
Roger Roesler,OG,Texas,77,314,5.31,29.5,25,101,8.31,4.76,-1,2000
Blaine Saipaia,OG,Colorado State,75,321,5.35,,,,,,-1,2000
Chris Samuels,OT,Alabama,77,325,5.08,,,,,,1,2000
Manuia Savea,OG,Arizona,74,308,5.34,25,24,92,,,1,2000
Wes Shivers,OT,Mississippi State,77,318,5.65,22.5,18,98,8.48,4.81,1,2000
Marvel Smith,OT,Arizona State,77,320,5.37,27.5,24,100,7.87,4.83,1,2000
Mark Tauscher,OG,Wisconsin,75,318,5.37,27,22,90,7.91,4.84,1,2000
Jason Thomas,OG,South Carolina,75,300,5.22,29.5,23,100,7.99,,1,2000
Michael Thompson,OT,Tennessee State,76,305,5.28,26,16,104,7.99,4.73,1,2000
Ryan Tujague,OG,Washington State,77,297,5.16,27,21,96,8.18,4.95,-1,2000
Andy Vincent,OG,Texas A&M,76,306,5.2,28.5,14,108,7.54,4.42,-1,2000
Todd Wade,OT,Mississippi,80,326,5.22,27.5,29,101,7.68,4.68,1,2000
Bobbie Williams,OT,Arkansas,76,332,5.26,29,28,97,7.78,4.72,1,2000
Tom Ashworth,OG,Colorado,78,293,5.11,33.5,20,109,7.4,4.3,-1,2001
Jeff Backus,OT,Michigan,77,310,5.37,27,25,99,8.27,4.67,1,2001
David Bobo,OG,TCU,76,290,5.28,31,19,106,7.81,4.89,-1,2001
Jarvis Borum,OG,North Carolina State,79,332,5.05,30.5,25,107,8.08,4.83,-1,2001
Chris Brown,OT,Georgia Tech,77,329,5.33,,30,,,,1,2001
Jeff Chase,OG,Texas A&M-Kingsville,75,303,5.25,,27,,,,-1,2001
Dave Costa,OG,Wisconsin,78,305,5.34,,17,,,,-1,2001
Will Cuthbert,OG,Alabama,77,318,5.53,24.5,17,91,8.84,5.06,-1,2001
Leonard Davis,OT,Texas,78,370,5.32,28,33,97,8.72,5.18,1,2001
Rick DeMulling,OG,Idaho,76,307,5.24,31.5,32,108,7.62,4.6,1,2001
Ryan Diem,OT,Northern Illinois,79,338,5.13,34,,102,7.5,4.46,1,2001
Char-Ron Dorsey,OT,Florida State,78,348,5.99,,16,,,,1,2001
Shawn Draper,OG,Alabama,75,303,5.3,32,17,106,8.1,4.77,1,2001
Bill Ferrario,OG,Wisconsin,74,314,5.3,,17,,,,1,2001
Kynan Forney,OG,Hawaii,74,312,5.28,27,23,97,8.56,4.7,1,2001
Mike Gandy,OG,Notre Dame,76,305,5.2,30.5,,103,8.03,4.71,1,2001
Roberto Garza,C,Texas A&M-Kingsville,74,303,5,32.5,37,114,7.71,4.53,1,2001
Adam Haayer,OG,Minnesota,78,298,5.3,,23,,,,1,2001
Ben Hamilton,C,Minnesota,77,303,5.26,33.5,17,106,7.62,4.62,1,2001
Russ Hochstein,OG,Nebraska,75,300,5.4,26.5,16,95,7.85,4.69,1,2001
Paul Hogan,C,Alabama,75,290,5.5,29,26,102,7.78,4.54,-1,2001
Steve Hutchinson,OG,Michigan,77,315,5.15,33.5,31,106,,4.74,1,2001
Jonas Jennings,OT,Georgia,76,334,5.31,29.5,31,102,8.08,4.93,1,2001
Kenyatta Jones,OT,South Florida,75,308,5.01,,31,,,,1,2001
Kevin Jordan,OG,Fresno State,77,308,5.07,31.5,20,112,,4.95,-1,2001
Michael Keathley,OG,TCU,76,308,5.24,32.5,28,,,,-1,2001
Matt Lehr,OG,Virginia Tech,74,290,5.28,31.5,28,111,7.59,4.44,1,2001
Victor Leyva,OG,Arizona State,75,313,5.33,30,37,105,8,4.73,1,2001
Matt Light,OT,Purdue,77,311,5.29,,26,,7.84,4.49,1,2001
LaShaun Mack,C,Norfolk State,75,299,5.56,26.5,17,92,8.59,4.99,-1,2001
Shaun Mason,OG,Michigan State,77,302,5.49,,,,,,-1,2001
Brent McCaffrey,OG,USC,76,282,5.2,,,,,,-1,2001
Jeff McCurley,C,Pittsburgh,76,280,5.25,,,,,,-1,2001
Kareem McKenzie,OT,Penn State,78,328,5.33,33,20,104,7.87,4.8,1,2001
Mathias Nkwenti,OG,Temple,75,293,5.57,35.5,29,113,7.66,4.18,1,2001
Dennis Norman,OG,Princeton,76,305,5.16,35,25,107,8.08,4.72,1,2001
Chukky Okobi,C,Purdue,73,316,5.27,32.5,24,103,7.87,4.61,1,2001
Tupe Peko,C,Michigan State,76,300,5.36,28,,92,8.1,4.56,1,2001
Casey Rabach,C,Wisconsin,76,298,5.23,,19,,,,1,2001
Dominic Raiola,C,Nebraska,74,307,5.13,33,29,108,7.55,4.35,1,2001
Josh Redding,OG,Virginia Tech,76,317,5.47,27,31,97,7.85,4.8,-1,2001
Ray Redziniak,OG,Illinois,75,296,5.5,27,32,92,8.17,4.77,-1,2001
Bernard Robertson,OG,Tulane,75,308,5.24,30,19,106,8.06,4.58,1,2001
Kendrick Rogers,OT,Central Missouri State,77,311,5.16,,23,,,,-1,2001
Elliot Silvers,OT,Washington,79,348,5.43,31.5,19,99,7.81,4.66,1,2001
Omar Smith,OG,Kentucky,74,293,5.33,30,21,98,,,-1,2001
Tim Stuber,OG,Colorado State,77,315,5.6,28,22,96,8.06,4.75,-1,2001
Alex Sulfsted,OG,Miami (OH),76,312,5.3,30.5,,96,,,1,2001
Marques Sullivan,OT,Illinois,77,338,5.32,30.5,28,98,8.36,4.8,1,2001
Tarlos Thomas,OT,Florida State,77,336,5.52,25,19,92,8.6,4.9,-1,2001
Albert Traylor,OG,NW State (LA),75,307,5.42,27,20,96,8.34,,-1,2001
Chris Valletta,OG,Texas A&M,75,299,5.32,33.5,18,98,7.9,4.53,-1,2001
Patrick Venzke,OT,Idaho,78,303,5.28,34,,103,8.08,4.59,-1,2001
Keydrick Vincent,OG,Mississippi,77,328,5.61,32.5,23,94,,,-1,2001
Kenyatta Walker,OT,Florida,77,311,5.17,31.5,24,109,7.7,4.6,1,2001
Chad Ward,OG,Washington,76,321,5.23,32.5,26,99,7.98,4.9,1,2001
Louis Williams,OG,LSU,76,299,5.48,28.5,25,103,7.86,4.67,1,2001
Maurice Williams,OT,Michigan,77,304,5.2,,24,,,,1,2001
Brandon Winey,OT,LSU,78,301,5.3,,,,,,1,2001
Pork Chop Womack,OG,Mississippi State,76,345,5.51,29.5,23,97,8.78,4.96,-1,2001
Paul Zukauskas,OG,Boston Col.,77,307,5.3,,22,,,,1,2001
P.J. Alexander,OG,Syracuse,76,299,5.38,29.5,,102,7.9,4.73,-1,2002
Matt Anderle,OT,Minnesota,78,327,5.5,29,26,104,7.99,4.8,1,2002
Jason Ball,C,New Hampshire,74,301,5.41,29,27,94,7.87,4.73,-1,2002
Kevin Barry,OG,Arizona,76,325,5.34,28.5,24,108,8.34,4.73,-1,2002
LeCharles Bentley,C,Ohio State,74,299,5.19,25.5,,103,7.85,4.54,1,2002
Martin Bibla,OG,Miami (FL),75,306,5.08,,35,,,,1,2002
Pete Campion,OG,North Dakota State,76,307,5.26,25.5,30,88,7.96,4.81,1,2002
Reggie Coleman,OT,Tennessee,77,301,5.23,29,,103,7.84,4.88,1,2002
Mike Collins,OT,Wake Forest,77,300,5.53,25.5,32,104,8.62,4.98,-1,2002
Marc Colombo,OT,Boston Col.,80,313,5.27,29.5,30,101,7.65,4.6,1,2002
Alonzo Cunningham,OG,Iowa,76,316,5.46,24,,98,8.52,4.73,-1,2002
Konrad Dean,OG,Akron,76,333,5.57,27.5,30,97,8.37,4.97,-1,2002
Howard Duncan,OG,Oklahoma,76,324,5.44,28.5,22,101,8.31,4.69,-1,2002
Andy Eby,C,Kansas State,75,300,5.1,29,28,103,7.46,4.55,-1,2002
Steve Edwards,OG,Central Florida,77,355,5.5,23,20,94,8.37,5.15,-1,2002
Toniu Fonoti,OG,Nebraska,76,349,5.49,28.5,32,97,8.12,4.81,1,2002
Melvin Fowler,C,Maryland,75,300,5.46,27,32,99,7.51,4.6,1,2002
Jonathan Goodwin,OG,Michigan,75,318,5.13,,,,,,1,2002
Andre Gurode,OG,Colorado,76,316,5.34,30.5,,100,8.15,5.05,1,2002
Eric Heitmann,OG,Stanford,76,305,5.22,28,33,103,7.56,4.6,1,2002
Artis Hicks,OG,Memphis,76,303,5.08,29.5,22,104,7.85,4.64,-1,2002
Matt Hill,OT,Boise State,78,300,5.33,28.5,20,101,7.58,4.54,1,2002
Jermese Jones,OT,Virginia,77,337,5.29,,22,,,,-1,2002
Levi Jones,OT,Arizona State,77,304,5.21,,,103,,,1,2002
Doug Kaufusi,OT,Utah,78,313,5.47,,,,,,-1,2002
Antwan Kirk-Hughes,OG,Texas,75,316,5.43,27,,95,8.28,4.91,-1,2002
Kyle Kosier,OT,Arizona State,77,293,5.09,29.5,24,108,7.34,4.49,1,2002
Broderick Lancaster,OG,Colorado State,76,310,5.26,,14,,,,-1,2002
Tango McCauley,OG,Arkansas,75,304,5.32,31,29,104,7.9,4.78,-1,2002
Curt McGill,C,Georgia,75,290,5.07,,30,,,,-1,2002
Seth McKinney,C,Texas A&M,75,300,4.97,33.5,23,105,7.36,4.51,1,2002
Bryant McKinnie,OT,Miami (FL),80,343,5.13,,,,,,1,2002
Terrence Metcalf,OT,Mississippi,75,318,5.31,,28,,,,1,2002
Ben Miller,C,Air Force,74,263,4.92,37.5,18,114,7.28,4.46,-1,2002
Qasim Mitchell,OG,North Carolina A&T,77,335,5.28,26,22,,8.07,4.94,-1,2002
Shannon Money,OG,Arkansas,75,295,5.22,33.5,25,107,,,-1,2002
Marquise Muldrow,OG,Arizona State,74,316,5.31,25.5,29,98,8.12,4.8,-1,2002
Melvin Paige,OG,South Carolina,77,314,5.34,23.5,30,,,,-1,2002
Scott Peters,C,Arizona State,75,300,5.07,33.5,36,97,7.68,4.69,1,2002
Dwayne Pierce,OG,LSU,74,319,5.5,26,,93,8.12,5.23,-1,2002
Chester Pitts,OT,San Diego State,76,320,5.22,30,,106,7.84,4.81,1,2002
Mike Pucillo,OG,Auburn,76,317,5.31,28,26,,,,1,2002
Zach Quaccia,C,Stanford,76,309,5.37,26.5,23,93,7.9,4.63,-1,2002
Victor Rogers,OG,Colorado,78,331,5.57,25,20,93,9,5.16,1,2002
Frank Romero,OG,Oklahoma,76,300,5.3,27.5,22,88,7.65,4.79,-1,2002
Jason Scukanec,C,BYU,74,304,5.33,29,30,100,7.87,4.59,-1,2002
Kendall Simmons,OG,Auburn,75,311,5.3,28.5,24,98,7.84,4.71,1,2002
Ed Ta'amu,OG,Utah,74,335,5.3,29,28,,,,-1,2002
Kurt Vollers,OT,Notre Dame,79,321,5.36,30.5,30,,,,-1,2002
Langston Walker,OT,California,80,344,5.26,28.5,21,102,8.09,4.95,1,2002
Fred Weary,C,Tennessee,76,308,5.37,32,34,104,7.68,4.63,1,2002
Mike Williams,OT,Texas,78,375,5.3,30,29,102,,,1,2002
Justin Bates,OG,Colorado,76,300,5.38,,18,,,,1,2003
Jordan Black,OT,Notre Dame,78,314,5.18,30,,106,7.65,4.5,1,2003
Ulish Booker,OT,Michigan State,78,304,5.24,,,,,,-1,2003
Jeremy Bridges,OG,Southern Miss,76,301,5.38,28.5,25,96,8.12,4.77,1,2003
Lucas Brigman,C,Nebraska-Omaha,72,308,5.3,27,26,101,7.99,4.67,-1,2003
Ben Claxton,C,Mississippi,75,301,5.16,27,,102,7.81,4.69,1,2003
Brennan Curtin,OT,Notre Dame,81,318,5.28,32,,100,7.98,4.87,1,2003
Anthony Davis,OG,Virginia Tech,76,329,5.34,27.5,,95,8.26,4.98,-1,2003
Enoch DeMar,OG,Indiana,76,334,5.63,22.5,22,90,8.35,5.1,-1,2003
David Diehl,OG,Illinois,78,310,5.26,28,22,96,8.1,4.97,1,2003
Robbie Doane,OG,Texas,78,311,5.29,24.5,,85,8.04,4.73,-1,2003
Derrick Dockery,OG,Texas,78,347,5.58,25,,92,,,1,2003
Jeff Faine,C,Notre Dame,75,303,5.18,,,,,,1,2003
Gus Felder,OG,Penn State,75,324,5.83,23.5,,94,9.12,5.54,-1,2003
George Foster,OT,Georgia,77,338,5.23,27,,100,,,1,2003
Makoa Freitas,OG,Arizona,76,307,5.05,24.5,36,95,8.24,4.92,1,2003
Lui Fuata,C,Hawaii,74,309,5.57,,,,,,-1,2003
Jordan Gross,OT,Utah,76,300,5.05,31.5,28,112,7.69,4.39,1,2003
Kwame Harris,OT,Stanford,79,310,5.2,35.5,,107,7.98,4.65,1,2003
Montrae Holland,OG,Florida State,73,333,5.3,,30,,8.46,5.13,1,2003
Wayne Hunter,OT,Hawaii,78,303,5.08,31,37,104,7.72,4.57,1,2003
Alex Jackson,OG,Georgia,76,356,5.4,,,,,,-1,2003
Jason Jimenez,OT,Southern Miss,79,311,5.26,30,18,96,8.47,4.69,-1,2003
Garry Johnson,OT,Arkansas State,75,289,5.28,24.5,17,97,8.27,4.89,-1,2003
Ben Johnson,OT,Wisconsin,78,329,5.37,,30,,,,1,2003
Al Johnson,C,Wisconsin,75,305,4.95,,,,,,1,2003
Jason Jowers,OG,Wisconsin,78,319,5.44,29.5,,101,8.32,4.86,-1,2003
Josh Kayser,OG,Augustana (SD),75,312,5.73,26,21,95,8.57,5.09,-1,2003
Austin King,C,Northwestern,76,299,5.42,28,20,106,7.99,4.73,1,2003
Chuck Klabo,OT,North Dakota State,77,291,5.32,,,,,,-1,2003
Scott Kooistra,OT,North Carolina State,78,316,5.14,31,28,103,7.95,4.62,1,2003
Dan Koppen,C,Boston Col.,75,297,5.43,28.5,27,101,8.26,4.56,1,2003
Damian Lavergne,OT,Louisiana Tech,78,333,5.57,27,17,92,8.44,4.86,-1,2003
Pete Lougheed,OT,Purdue,77,300,5.16,28.5,20,93,7.86,4.51,-1,2003
Wayne Lucier,C,Colorado,76,301,5.28,,,,,,1,2003
Sean Mahan,OG,Notre Dame,75,301,5.14,30,30,105,7.75,4.77,1,2003
Vince Manuwai,OG,Hawaii,74,304,5.06,29.5,27,107,7.59,4.4,1,2003
Kareem Marshall,OT,Georgia,77,359,5.22,27.5,,92,,,-1,2003
Antoine Mirambeau,C,Florida State,75,299,5.2,,,,,,-1,2003
Gene Mruczkowski,C,Purdue,75,297,5.19,,28,,,,-1,2003
Bruce Nelson,C,Iowa,77,301,5.26,,21,,,,1,2003
Lance Nimmo,OT,West Virginia,77,303,5.28,27,20,90,8.21,4.96,1,2003
Will Ofenheusle,OT,Tennessee,78,308,5.35,26.5,23,94,8.65,5.03,-1,2003
Tony Pashos,OT,Illinois,78,337,5.3,,38,,,,1,2003
David Porter,OT,Iowa,78,311,5.32,26,,95,8.43,4.98,-1,2003
Tim Provost,OT,San Jose State,77,301,5.23,28.5,21,102,8.38,4.7,1,2003
Brett Romberg,C,Miami (FL),74,295,5.2,27.5,27,99,8.16,4.65,-1,2003
Dustin Rykert,OT,BYU,78,327,5.42,26.5,21,92,8.2,4.87,1,2003
Watts Sanderson,OT,South Carolina,77,303,5.37,28.5,24,100,8.48,4.94,-1,2003
Justin Sands,OG,Kansas,79,324,5.05,32,31,105,,,-1,2003
Greg Schindler,OG,Stanford,77,307,5.09,30.5,18,94,8.56,5.13,-1,2003
Steve Sciullo,OT,Marshall,77,330,5.48,28,23,98,7.85,4.72,1,2003
Chad Setterstrom,OG,New Mexico,75,309,5.44,28.5,16,99,7.93,4.66,-1,2003
Wade Smith,OT,Memphis,76,296,5.14,32.5,24,114,7.62,4.75,1,2003
Ben Sobieski,OG,Iowa,77,307,5,30,18,109,7.7,4.49,1,2003
Jamil Soriano,OG,Harvard,76,317,5.48,27.5,,103,8.54,5.08,-1,2003
Eric Steinbach,OG,Iowa,78,297,4.96,36,,119,7.36,4.42,1,2003
Jon Stinchcomb,OT,Georgia,77,302,4.99,35,32,115,7.83,4.62,1,2003
Scott Tercero,OG,California,76,303,5.23,28.5,25,103,7.81,4.51,1,2003
Tony Terrell,OG,UNLV,75,334,5.48,25.5,25,94,8.62,5,-1,2003
Torrin Tucker,OG,Southern Miss,78,328,5.35,30,,103,8.39,4.97,-1,2003
Seth Wand,OT,Northwest Missouri State,79,321,5.14,31.5,20,107,7.61,4.5,1,2003
Reggie Wells,OT,Clarion,75,300,5.16,29,23,104,8.35,4.56,1,2003
Taylor Whitley,OG,Texas A&M,76,321,5.18,30,28,106,7.95,4.58,1,2003
Brett Williams,OT,Florida State,77,321,5.25,27.5,,99,8.57,5.01,1,2003
Todd Williams,OT,Florida State,77,340,5.08,32.5,27,108,8.06,4.54,1,2003
Shawn Andrews,OT,Arkansas,76,366,5.49,25,27,98,8.25,4.85,1,2004
Stacy Andrews,OT,Mississippi,78,342,5.07,30.5,34,106,8.09,4.78,1,2004
Jacob Bell,OG,Miami (OH),77,302,5.22,,26,,,,1,2004
Sean Bubin,OT,Illinois,78,306,5.32,24.5,25,97,7.66,4.76,1,2004
Kelly Butler,OT,Purdue,79,320,5.11,30.5,,105,7.96,4.92,1,2004
Vernon Carey,OG,Miami (FL),76,335,5.33,,30,,,,1,2004
Marko Cavka,OT,Sacramento State,79,294,5.17,27.5,27,107,7.53,4.37,1,2004
Toby Cecil,C,Texas Tech,76,297,5.25,,19,85,8.31,4.98,-1,2004
Kirk Chambers,OT,Stanford,79,313,5.44,27,22,101,7.56,4.4,1,2004
Quinn Christensen,OG,BYU,78,312,5.1,,32,,,,-1,2004
Tyson Clabo,OG,Wake Forest,79,315,5.51,30,24,100,8.09,4.88,-1,2004
Adrien Clarke,OG,Ohio State,77,329,5.52,26,,102,7.9,4.74,1,2004
Regis Crawford,OG,Arizona State,74,316,6.05,,,,8.03,4.86,-1,2004
Trey Darilek,OG,Texas-El Paso,76,301,5.23,28.5,22,110,7.85,4.61,1,2004
Nat Dorsey,OT,Georgia Tech,79,322,5.46,28.5,26,102,8.3,4.84,1,2004
Khiawatha Downey,OG,Indiana (PA),76,332,5.5,26.5,21,98,8.01,4.82,-1,2004
Robert Gallery,OT,Iowa,79,323,4.98,30,24,105,7.42,4.38,1,2004
Jake Grove,C,Virginia Tech,75,303,5.16,,31,,,,1,2004
Rex Hadnot,C,Houston,74,323,5.5,24.5,27,91,7.94,4.66,1,2004
Antonio Hall,OG,Kentucky,75,317,5.54,26.5,27,101,8.12,4.55,-1,2004
Nick Hardwick,C,Purdue,75,295,5.2,34,27,108,7.72,4.55,1,2004
Joseph Hayes,OG,San Jose State,76,311,5.67,23,18,94,8.25,5.12,-1,2004
Anthony Herrera,OG,Tennessee,74,315,5.2,,,,,,-1,2004
Scott Jackson,C,BYU,76,300,4.98,30.5,28,105,7.84,4.52,-1,2004
Adrian Jones,OT,Kansas,76,296,4.97,31,27,114,7.81,4.58,1,2004
Carlos Joseph,OT,Miami (FL),78,345,5.33,,29,,,,1,2004
Nick Leckey,C,Kansas State,75,290,5.26,27,18,97,7.71,4.47,1,2004
Brad Lekkerkerker,OT,California-Davis,79,317,5.36,27.5,23,102,7.94,4.71,-1,2004
Sean Locklear,OG,North Carolina State,76,308,5.16,29,27,100,7.85,4.56,1,2004
Dylan McFarland,OT,Montana,78,304,5.26,27.5,31,98,,,1,2004
Jim Molinaro,OT,Notre Dame,78,308,5.09,29.5,21,105,7.75,4.6,1,2004
Shane Olivea,OT,Ohio State,75,302,5.29,29,,92,8.25,4.71,1,2004
Tony Pape,OT,Michigan,78,323,5.36,27,26,97,8.01,4.6,1,2004
Josh Parrish,OT,Washington State,78,330,5.41,28,20,104,8.24,4.61,-1,2004
Stephen Peterman,OG,LSU,76,312,5.46,24.5,23,95,7.87,4.68,1,2004
Alan Reuber,OG,Texas A&M,78,323,5.49,29,26,98,7.95,4.91,-1,2004
Brian Rimpf,OT,East Carolina,78,319,5.41,28,31,105,7.97,4.66,1,2004
Jacob Rogers,OT,USC,78,307,5.3,,30,,,,1,2004
Jake Scott,OT,Idaho,77,281,5.06,34.5,24,110,7.96,4.68,1,2004
Josh Sewell,C,Nebraska,74,301,5.06,30,30,99,7.53,4.24,1,2004
Kurt Sigler,C,East. Washington,77,306,5.84,24,,93,8.09,4.63,-1,2004
Justin Smiley,OG,Alabama,75,298,5.07,32,19,111,7.72,4.41,1,2004
Chris Snee,OG,Boston Col.,75,314,5.1,30.5,29,104,7.75,4.66,1,2004
Shannon Snell,OG,Florida,76,316,5.82,25.5,21,93,8.38,4.91,-1,2004
Max Starks,OT,Florida,79,350,5.56,27.5,21,98,7.88,4.65,1,2004
Alex Stepanovich,C,Ohio State,75,304,5.29,25.5,,96,7.64,4.44,1,2004
Drew Strojny,OT,Duke,79,327,5.37,29.5,,99,7.98,4.84,1,2004
Jeb Terry,OG,North Carolina,77,313,5.2,29,27,105,8.03,4.98,1,2004
Scott Wells,C,Tennessee,74,300,5.3,31,31,109,7.56,4.35,1,2004
Travelle Wharton,OT,South Carolina,76,312,5.14,31.5,,105,8.31,4.58,1,2004
Mark Wilson,OT,California,79,314,5.36,28.5,24,108,7.53,4.49,1,2004
Anthony Alabi,OT,TCU,77,310,5.12,32.5,18,105,7.62,4.6,1,2005
Calvin Armstrong,OT,Washington State,79,325,5.51,34,26,100,7.62,4.66,1,2005
David Baas,OG,Michigan,76,319,5.06,29.5,29,105,7.5,4.46,1,2005
Khalif Barnes,OT,Washington,78,305,4.92,35,26,106,7.57,4.54,1,2005
Alex Barron,OT,Florida State,79,320,4.87,35.5,,112,7.83,4.56,1,2005
Joe Berger,OT,Michigan Tech,77,303,5.18,27,30,96,7.77,4.62,1,2005
Wesley Britt,OT,Alabama,80,314,5.2,,24,,,,1,2005
C.J. Brooks,OG,Maryland,77,309,5.18,31.5,24,108,7.61,4.56,-1,2005
Tim Brown,OT,West Virginia,76,318,5.6,29,23,93,7.84,4.92,-1,2005
Elton Brown,OG,Virginia,77,329,4.93,,,,,,1,2005
Jason Brown,C,North Carolina,75,313,5.4,30.5,23,105,7.72,4.51,1,2005
Jammal Brown,OT,Oklahoma,78,316,5.06,31.5,,109,7.93,4.67,1,2005
Doug Buckles,OG,Mississippi,77,311,5.53,23.5,18,89,8.17,4.8,-1,2005
Dan Buenning,OG,Wisconsin,76,320,5.35,28,29,111,7.9,4.59,1,2005
Jonathan Clinkscale,OG,Wisconsin,74,315,5.51,27.5,,99,,,-1,2005
Chris Colmer,OT,Boise State,77,310,5.19,,,,,,1,2005
Jon Colon,OT,Florida,79,317,5.64,25.5,,85,8.03,4.89,-1,2005
Dan Connolly,OT,Southeast Missouri,76,311,5.19,28.5,22,108,7.65,4.54,-1,2005
Junius Coston,C,North Carolina A&T,75,310,5.31,29.5,21,102,7.93,4.56,1,2005
Harvey Dahl,OT,Nevada,78,299,5.42,27,17,99,8.15,4.58,-1,2005
Jon Dunn,OT,Virginia Tech,79,328,5.4,,,,,,1,2005
Trai Essex,OT,Northwestern,76,324,5.61,29,,96,8.11,4.92,1,2005
Dylan Gandy,OG,Texas Tech,75,304,5.12,29.5,,100,7.62,4.51,1,2005
Justin Geisinger,OT,Vanderbilt,76,322,5.38,25,34,95,7.87,4.62,1,2005
Eric Ghiaciuc,C,Central Michigan,76,302,5.09,32,30,105,7.87,4.56,1,2005
Geoff Hangartner,C,Texas A&M,77,301,5.21,28.5,26,103,7.62,4.52,1,2005
Drew Hodgdon,C,Arizona State,75,309,5.31,32.5,,109,7.49,4.45,1,2005
Rob Hunt,C,North Dakota State,76,301,4.96,34.5,31,108,7.53,4.48,-1,2005
Richie Incognito,C,Nebraska,75,305,4.84,,29,,,,1,2005
Chase Johnson,OT,TCU,80,330,5.41,27,,91,8.15,4.7,-1,2005
Marcus Johnson,OG,Mississippi,78,321,5.45,27.5,21,104,7.71,4.71,1,2005
Nick Kaczur,OT,Toledo,76,319,5.28,31.5,,,,,1,2005
Chris Kemoeatu,OG,Utah,75,344,5.34,29,26,98,7.75,4.54,1,2005
Adam Kieft,OT,Central Michigan,79,337,5.52,33,28,110,7.78,4.76,1,2005
Samuel Lightbody,OT,Michigan State,81,321,5.62,30,,108,7.95,4.41,-1,2005
Daniel Loper,OT,Texas Tech,78,306,5.3,32,14,101,7.74,4.68,1,2005
Logan Mankins,OG,Fresno State,76,307,5.06,31.5,21,95,7.52,4.44,1,2005
Evan Mathis,OG,Alabama,77,304,4.92,35.5,35,117,7.37,4.16,1,2005
Pete McMahon,OT,Iowa,80,329,5.43,27,26,92,7.97,4.8,1,2005
Willie McNeill,OT,North Carolina,76,291,5.3,,,,,,-1,2005
Scott Mruczkowski,C,Bowling Green,76,321,5.29,,28,,,,1,2005
Michael Munoz,OT,Tennessee,77,306,5.3,,,,,,-1,2005
Chris Myers,OG,Miami (FL),77,300,5.11,,25,,,,1,2005
Doug Nienhuis,OG,Oregon State,78,307,5.15,29.5,22,99,7.5,4.47,1,2005
Frank Omiyale,OT,Tennessee Tech,76,310,5.3,29.5,22,101,8.19,4.72,1,2005
Jeremy Parquet,OT,Southern Miss,79,323,5.31,29.5,17,94,7.95,4.8,1,2005
Erik Pears,OT,Colorado State,80,312,5.12,,,,,,-1,2005
Rob Petitti,OT,Pittsburgh,78,347,5.48,,,,,,1,2005
Duke Preston,C,Illinois,77,311,,32,21,96,7.57,4.45,1,2005
Leon Robinson,OG,Georgia Tech,76,314,5.22,36,22,109,8.27,4.76,-1,2005
Michael Roos,OT,East. Washington,79,320,5.3,29,19,97,7.72,4.5,1,2005
Wes Sims,OT,Oklahoma,77,318,5.39,28,26,108,7.68,4.43,1,2005
Adam Snyder,OG,Oregon,77,316,5.34,28.5,21,93,7.83,4.83,1,2005
Chris Spencer,C,Mississippi,75,309,5.21,32,26,105,8.06,4.59,1,2005
Nick Steitz,OG,Oregon,75,312,5.7,31,,99,8.16,4.65,-1,2005
David Stewart,OT,Mississippi State,78,314,5.25,,24,,,,1,2005
Claude Terrell,OG,New Mexico,74,343,5.42,24.5,27,89,8.17,4.75,1,2005
Adam Terry,OT,Syracuse,80,330,5.4,28,,96,7.89,4.78,1,2005
Mike Watson,OT,West Virginia,76,316,5.46,27.5,,100,,,-1,2005
Sam Wilder,OT,Colorado,77,298,5.31,26.5,23,102,7.43,4.5,-1,2005
Ben Wilkerson,C,LSU,75,299,5.46,,,,,,-1,2005
Ray Willis,OT,Florida State,78,327,5.18,,27,,,,1,2005
Scott Young,OG,BYU,76,312,5.08,35,43,115,7.46,4.37,1,2005
Kevin Boothe,OT,Cornell,77,316,5.41,31.5,23,98,8.36,5.07,1,2006
Brad Butler,OT,Virginia,79,310,5.29,,,,,,1,2006
Rashad Butler,OT,Miami (FL),77,293,5.3,28,16,106,7.9,4.55,1,2006
Chris Chester,C,Oklahoma,75,303,4.83,31.5,27,106,7.31,4.5,1,2006
Jeromey Clary,OT,Kansas State,78,309,5.28,26,24,102,7.8,4.63,1,2006
Daryn Colledge,OT,Boise State,76,299,5.05,32.5,21,110,7.43,4.58,1,2006
Ryan Cook,OT,New Mexico,79,328,5.47,26.5,28,97,7.93,4.66,1,2006
Mike Degory,C,Florida,77,305,5.42,26,24,98,8.03,4.67,-1,2006
Greg Eslinger,C,Minnesota,75,292,5.13,30,28,101,7.59,4.68,1,2006
Jahri Evans,OT,Texas A&M,76,316,5.25,27,20,95,7.97,4.8,1,2006
D'Brickashaw Ferguson,OT,Virginia,78,312,5.08,,,,,,1,2006
Max Jean-Gilles,OG,Georgia,76,355,5.48,24.5,27,95,8.56,5.08,1,2006
Davin Joseph,OG,Oklahoma,75,311,5.09,32,24,111,,4.97,1,2006
Winston Justice,OT,USC,78,319,5.16,35,,110,7.31,4.53,1,2006
Chris Kuper,OG,North Dakota,76,301,5.1,30,24,109,7.59,4.6,1,2006
Deuce Lutui,OG,USC,76,334,5.35,28,26,97,8.04,4.76,1,2006
Nick Mangold,C,Ohio State,76,300,5.05,27.5,24,104,7.47,4.36,1,2006
Jimmy Martin,OT,Virginia Tech,77,303,5.23,31,25,101,,,1,2006
Fred Matua,OG,USC,74,306,5,24.5,28,93,7.87,4.76,1,2006
Marcus McNeill,OT,Auburn,80,336,5.07,31,,98,8.19,5,1,2006
Paul McQuistan,OT,Weber State,78,312,5.07,29.5,28,110,7.72,4.62,1,2006
Robin Meadow,OG,Michigan State,77,324,5.4,24,29,99,7.94,4.73,-1,2006
Will Montgomery,C,Virginia Tech,75,312,5.12,29.5,35,104,7.4,4.43,1,2006
Ryan O'Callaghan,OT,California,79,344,5.39,25,21,92,,,1,2006
Quinn Ojinnaka,OT,Syracuse,77,309,5.44,28.5,21,102,8.45,5.11,1,2006
Donald Penn,OT,Utah State,76,317,5.05,,21,,,,-1,2006
Terrance Pennington,OT,New Mexico,79,325,5.39,28.5,28,102,,,1,2006
Marvin Philip,C,California,73,307,5.24,27,27,96,7.85,4.69,1,2006
Donovan Raiola,C,Wisconsin,74,300,5.55,25,20,90,8.17,4.97,-1,2006
Troy Reddick,OG,Auburn,77,334,5.57,,21,,7.92,4.82,-1,2006
Dennis Roland,OT,Georgia,82,328,5.28,,19,,,,-1,2006
Pat Ross,C,Boston Col.,75,301,4.99,,23,,,,-1,2006
Jonathan Scott,OT,Texas,78,315,5.32,24.5,,101,7.73,4.85,1,2006
Mark Setterstrom,OG,Minnesota,76,314,5.38,26.5,19,100,7.63,4.53,1,2006
Rob Sims,OG,Ohio State,75,307,5.25,,27,,,,1,2006
Isaac Sowells,OG,Indiana,75,324,5.15,28.5,20,101,8.13,4.98,1,2006
Charles Spencer,OG,Pittsburgh,77,352,5.25,,30,,,,1,2006
Jason Spitz,OG,Louisville,75,313,5.4,28.5,25,102,7.82,4.55,1,2006
Adam Stenavich,OG,Michigan,76,310,5.6,,24,,,,-1,2006
Dan Stevenson,OG,Notre Dame,77,300,5.36,24.5,24,100,7.58,4.59,1,2006
Zach Strief,OT,Northwestern,80,330,5.38,21,19,94,8.01,4.83,1,2006
Tony Tella,OG,Miami (FL),76,307,5.44,24.5,24,97,8.17,4.84,-1,2006
Joe Toledo,OT,Washington,77,337,5.11,,32,,,,1,2006
Michael Toudouze,OT,TCU,78,303,5.12,26.5,23,100,7.45,4.7,1,2006
Jeremy Trueblood,OT,Boston Col.,80,316,5.25,27.5,20,96,7.82,4.68,1,2006
Stefon Wheeler,OT,Michigan State,77,339,5.73,19.5,,74,8.09,4.86,-1,2006
Guy Whimper,OT,East Carolina,77,304,4.96,29,26,102,7.38,4.59,1,2006
E.J. Whitley,OT,UNLV,77,309,5.35,25,16,101,7.53,4.79,1,2006
Andrew Whitworth,OT,LSU,79,334,5.16,30.5,28,112,8.23,4.83,1,2006
Eric Winston,OT,Miami (FL),79,310,4.94,29,,108,7.47,4.44,1,2006
Andy Alleman,OG,Akron,76,305,5.07,30,27,106,7.8,4.65,1,2007
Allen Barbre,OT,Missouri Southern,76,300,4.84,32,28,105,7.4,4.63,1,2007
Josh Beekman,OG,Boston Col.,74,313,5.36,25.5,24,93,8.24,4.81,1,2007
Nate Bennett,OG,Michigan State,76,316,5.47,26.5,34,90,8.15,5.04,-1,2007
Stephen Berg,OG,Arizona State,77,330,5.38,,19,,,,-1,2007
Justin Blalock,OG,Texas,75,320,5.1,28.5,40,101,7.75,4.72,1,2007
Levi Brown,OT,Penn State,77,323,5.4,25.5,31,97,7.87,4.89,1,2007
Andrew Carnahan,OT,Arizona State,79,306,5.2,,22,,,,1,2007
Doug Datish,C,Ohio State,76,302,5.13,26,31,102,7.51,4.65,1,2007
Chris Denman,OT,Fresno State,78,315,5.62,27.5,21,97,8.1,4.92,1,2007
Tim Duckworth,OG,Auburn,75,306,5.42,25,20,94,8.26,4.78,-1,2007
Tala Esera,OT,Hawaii,75,312,5.22,,,,,,-1,2007
Mark Fenton,C,Colorado,76,290,5.15,,22,,,,-1,2007
Doug Free,OT,Northern Illinois,78,324,5.19,30,22,111,7.38,4.53,1,2007
Dustin Fry,C,Clemson,75,314,5.28,,34,,,,1,2007
Brandon Frye,OT,Virginia Tech,76,301,5.08,32.5,34,103,7.5,4.4,1,2007
Ben Grubbs,OG,Auburn,75,311,5.18,26.5,29,103,7.99,4.72,1,2007
Gabe Hall,OT,Texas Tech,76,313,4.91,29,22,104,7.59,4.68,-1,2007
Leroy Harris,C,North Carolina State,74,302,5.35,24.5,29,96,8,4.8,1,2007
Ryan Harris,OT,Notre Dame,76,305,5.09,25.5,22,100,7.78,4.52,1,2007
Mario Henderson,OT,Florida State,78,302,5.11,28.5,20,109,7.6,4.87,1,2007
Stephon Heyer,OT,Maryland,78,334,5.59,,30,94,,,-1,2007
Corey Hilliard,OT,Oklahoma State,77,308,5.29,27,28,106,7.45,4.65,1,2007
Mike Jones,OG,Iowa,77,309,5.46,25.5,28,98,7.8,4.88,-1,2007
Ryan Kalil,C,USC,75,299,4.96,26,34,104,7.5,4.34,1,2007
Adam Koets,OT,Oregon State,77,298,5.08,32,20,106,7.44,4.47,1,2007
Enoka Lucas,C,Oregon,75,303,5.46,27.5,34,104,8.1,4.84,-1,2007
James Marten,OT,Boston Col.,79,309,5.08,30.5,,100,7.68,4.54,1,2007
Drew Mormino,C,Central Michigan,75,299,5.32,28,27,105,7.48,4.53,1,2007
Dan Mozes,C,West Virginia,75,293,5.35,25.5,28,101,7.98,4.84,-1,2007
Uche Nwaneri,OG,Purdue,75,325,5.37,,24,,,,1,2007
Mike Otto,OT,Purdue,77,308,5.2,26.5,20,105,7.62,4.67,-1,2007
Manny Ramirez,OG,Texas Tech,75,326,5.24,,40,,,,1,2007
Dan Santucci,OG,Notre Dame,75,301,5.13,29,23,102,7.47,4.74,1,2007
Samson Satele,C,Hawaii,75,300,5.24,33,25,101,7.47,4.29,1,2007
Arron Sears,OG,Tennessee,75,319,5.09,,21,,,,1,2007
Ken Shackleford,OT,Georgia,77,322,5.3,24.5,28,102,8.35,5.05,1,2007
Joe Staley,OT,Central Michigan,78,306,4.79,,27,,,,1,2007
Scott Stephenson,C,Iowa State,75,297,5.2,29.5,21,99,7.62,4.57,-1,2007
Cameron Stephenson,OG,Rutgers,75,306,5.4,28.5,34,101,7.72,4.81,1,2007
Kasey Studdard,OG,Texas,74,303,5.18,,32,,,,1,2007
Palauni Ma Sun,OG,Oregon,77,319,5.86,24.5,22,91,8.7,5.01,-1,2007
Herb Taylor,OT,TCU,76,296,5.19,27,26,100,7.78,4.64,-1,2007
Joe Thomas,OT,Wisconsin,79,311,4.92,33,28,110,7.95,4.88,1,2007
Tony Ugoh,OT,Arkansas,77,301,5.06,32.5,32,117,,,1,2007
Dane Uperesa,OT,Hawaii,76,309,5.28,,,,,,-1,2007
Elliot Vallejo,OT,California-Davis,79,327,5.38,26,24,94,7.95,5.14,-1,2007
Julius Wilson,OT,Ala-Birmingham,76,327,5.43,27,,103,8.33,5,-1,2007
Mansfield Wrotto,OG,Georgia Tech,75,317,5.4,,27,92,8.34,4.92,1,2007
Marshal Yanda,OT,Florida State,76,307,5.15,,,,,,1,2007
Branden Albert,OG,Virginia,78,309,5.17,26,23,111,7.97,4.78,1,2008
Sam Baker,OT,USC,77,309,5.5,,28,,,,1,2008
Kirk Barton,OT,Ohio State,76,310,5.01,,34,,,,1,2008
Demetress Bell,OT,Michigan State,77,303,5.18,26.5,9,109,7.65,4.65,1,2008
James Blair,OG,West. Michigan,75,323,5.28,23.5,28,103,8.44,5.33,-1,2008
Duane Brown,OT,Virginia Tech,76,315,5.07,27.5,24,105,7.58,4.52,1,2008
Gosder Cherilus,OT,Boston Col.,78,314,5.14,23,24,102,7.6,4.82,1,2008
Ryan Clady,OT,Boise State,78,309,5.18,,24,,,,1,2008
Corey Clark,OT,Texas A&M,77,315,5.28,23,23,106,7.47,4.68,1,2008
Devin Clark,OT,New Mexico,76,305,5.3,21,25,95,8.38,5.03,-1,2008
Anthony Collins,OT,Kansas,77,317,5.54,22.5,26,97,7.71,4.87,1,2008
Oniel Cousins,OT,Texas-El Paso,76,308,5.11,24.5,23,107,7.9,4.8,1,2008
Andrew Crummey,OG,Maryland,77,299,5.32,,,,,,-1,2008
Franklin Dunbar,OT,Middle Tennessee State,77,327,5.58,24.5,27,101,8.36,5.18,-1,2008
King Dunlap,OT,Auburn,80,310,5.28,,21,,,,1,2008
Robert Felton,OG,Arkansas,76,315,5.51,23,22,98,8.08,4.84,-1,2008
Breno Giacomini,OT,Louisville,79,303,5.2,22.5,23,108,7.56,4.63,1,2008
Mike Gibson,OG,California,75,305,5.27,27,31,110,7.21,4.64,1,2008
John Greco,OT,Toledo,77,305,5.29,26,30,108,8.03,4.82,1,2008
David Hale,OT,Weber State,78,314,5.27,26,25,100,7.69,4.75,1,2008
Tony Hills,OT,Texas,77,309,5.16,,,,,,1,2008
Steve Justice,C,Wake Forest,75,293,5.24,21,23,98,7.4,4.58,1,2008
Brandon Keith,OT,New Mexico,77,343,5.27,26,31,,,,1,2008
Kory Lichtensteiger,C,Bowling Green,74,298,5.25,23,,104,7.6,4.56,1,2008
Jake Long,OT,Michigan,79,313,5.22,27.5,37,102,7.44,4.73,1,2008
Chris McDuffie,OG,Clemson,76,330,5.3,,29,,,,-1,2008
Mike McGlynn,OG,Pittsburgh,76,311,5.38,23,30,101,7.58,4.72,1,2008
Shawn Murphy,OG,Utah State,76,320,5.38,21.5,29,100,7.74,4.89,1,2008
Carl Nicks,OT,Nebraska,77,341,5.22,25.5,31,109,7.91,4.68,1,2008
Jeff Otah,OT,Pittsburgh,78,322,5.55,22.5,27,102,,,1,2008
Mike Pollak,C,Arizona State,75,301,4.99,25,29,110,7.49,4.47,1,2008
Tyler Polumbus,OT,Colorado,79,312,5.3,26,24,112,7.71,4.86,-1,2008
Chilo Rachal,OG,USC,77,315,5.16,25.5,28,108,8.01,5.14,1,2008
Drew Radovich,OG,USC,76,301,5.33,23,21,108,7.47,4.53,-1,2008
Jamey Richard,C,Buffalo,77,295,5.22,26.5,22,107,7.58,4.69,1,2008
Barry Richardson,OT,Clemson,79,320,5.45,25.5,24,100,8,5.16,1,2008
Chad Rinehart,OG,New Mexico,77,320,5.42,28.5,26,106,7.84,4.56,1,2008
William Robinson,OT,San Diego State,77,297,5.23,19.5,22,,,,-1,2008
Roy Schuening,OG,Oregon State,76,306,5.29,25,26,,,,1,2008
Geoff Schwartz,OT,Oregon,78,332,5.36,20.5,,98,7.9,4.79,1,2008
Pedro Sosa,OT,Rutgers,76,300,5.29,,19,,,,-1,2008
Matt Spanos,C,USC,77,317,5.47,22.5,,104,7.9,4.92,-1,2008
John Sullivan,C,Notre Dame,75,301,5.35,30,21,103,7.62,4.55,1,2008
Donald Thomas,OG,Connecticut,75,303,5,24.5,28,100,7.45,4.78,1,2008
Cody Wallace,C,Texas A&M,76,296,5.3,30.5,26,113,7.45,4.55,1,2008
Chris Williams,OT,Vanderbilt,78,315,5.13,25,21,103,7.95,4.85,1,2008
Eric Young,OG,East. Michigan,76,310,5.18,,,,,,-1,2008
Jeremy Zuttah,OT,Rutgers,75,303,4.99,26.5,35,107,7.59,4.54,1,2008
Roger Allen,OG,Missouri Western State,75,326,5.25,,,,,,-1,2008
Will Beatty,OT,Connecticut,78,307,5.06,33.5,27,107,7.62,4.77,1,2009
Joel Bell,OT,Furman,79,315,5.11,30,27,109,7.55,4.57,-1,2009
Alex Boone,OT,Ohio State,79,328,5.16,27.5,33,103,7.83,4.69,-1,2009
Robert Brewster,OT,Ball State,76,325,5.29,30.5,23,98,7.68,4.75,1,2009
Travis Bright,OG,BYU,76,321,5.26,35.5,34,108,7.75,4.72,-1,2009
Eben Britton,OT,Arizona,78,309,5.14,28.5,24,100,7.87,4.91,1,2009
Rob Bruggeman,C,Iowa,76,293,5.05,,30,,,,-1,2009
Gerald Cadogan,OT,Penn State,77,309,4.99,25,26,95,8.05,4.8,-1,2009
Antoine Caldwell,C,Alabama,75,309,5.24,28,23,111,7.96,5.04,1,2009
Trevor Canfield,OG,Cincinnati,76,307,5.28,,29,,,,1,2009
Jon Cooper,C,Oklahoma,74,291,5.09,29.5,31,105,7.46,4.6,-1,2009
C.J. Davis,OG,Pittsburgh,74,308,5.51,25.5,21,88,8.09,4.93,-1,2009
Paul Fanaika,OG,Arizona State,77,327,5.48,,15,,,,1,2009
Ray Feinga,OG,BYU,76,337,5.32,,30,,,,-1,2009
Robby Felix,C,Texas-El Paso,75,302,5.2,29,33,97,7.96,4.73,-1,2009
Alex Fletcher,C,Stanford,74,297,5.39,28,30,96,7.78,4.65,-1,2009
Ramon Foster,OT,Tennessee,77,328,5.57,26,20,92,7.96,4.98,-1,2009
Xavier Fulton,OT,Illinois,76,302,5.01,31,27,111,7.35,4.56,1,2009
Juan Garcia,OG,Washington,74,307,5.28,25,34,93,8,4.87,-1,2009
Andrew Gardner,OT,Georgia Tech,79,304,4.96,,,,,,1,2009
Dan Gay,OG,Baylor,76,308,5.48,22.5,18,86,8.67,5.42,-1,2009
Tyronne Green,OG,Auburn,74,309,5.4,,22,,,,1,2009
Brett Helms,C,LSU,74,286,5.39,,25,,,,-1,2009
Greg Isdaner,OG,West Virginia,75,325,5.28,27,24,92,7.96,5.07,-1,2009
Herman Johnson,OG,LSU,79,364,5.5,,21,,,,1,2009
Andy Kemp,OG,Wisconsin,77,313,5.35,25.5,23,91,7.86,4.86,-1,2009
Troy Kropog,OT,Tulane,77,309,5.3,30,21,100,7.65,4.84,1,2009
Andy Levitre,OG,Oregon State,75,305,5.33,30.5,23,103,,4.52,1,2009
Cornelius Lewis,OT,Tennessee State,75,332,5.22,24.5,29,90,,,-1,2009
Kyle Link,OT,McNeese State,77,305,5.45,,19,,,,-1,2009
Phil Loadholt,OT,Oklahoma,80,332,5.45,29,24,95,8.18,5.06,1,2009
Jonathan Luigs,C,Arkansas,76,301,5.14,31,26,99,7.69,4.79,1,2009
Alex Mack,C,California,76,311,5.17,,,,,,1,2009
Ryan McKee,OT,Southern Miss,78,296,5.03,,,,,,-1,2009
Jamon Meredith,OT,South Carolina,77,304,4.99,28,31,105,8.01,4.82,1,2009
Mo Miller,OG,Michigan State,75,327,5.38,28.5,21,97,8.42,5.03,-1,2009
Eugene Monroe,OT,Virginia,77,309,5.18,28.5,23,110,7.86,4.78,1,2009
Lydon Murtha,OT,Nebraska,79,306,4.82,35,25,110,7.06,4.34,1,2009
Michael Oher,OT,Mississippi,76,309,5.16,30.5,21,103,7.81,4.6,1,2009
Seth Olsen,OG,Iowa,77,306,5.23,24.5,23,90,7.59,4.7,1,2009
Anthony Parker,OG,Tennessee,74,297,5.08,,24,,,,-1,2009
Augustus Parrish,OT,Kent State,76,302,5.29,,21,78,,,-1,2009
Garrett Reynolds,OT,North Carolina,80,309,5.32,22,19,94,7.87,4.88,1,2009
Duke Robinson,OG,Oklahoma,77,329,5.32,,,,,,1,2009
A.Q. Shipley,C,Penn State,73,304,5.19,31,33,100,7.46,4.4,1,2009
Matt Slauson,OG,Nebraska,77,316,5.26,34,,110,7.86,4.86,1,2009
Andre Smith,OT,Alabama,76,332,5.28,,,,,,1,2009
Jason Smith,OT,Baylor,77,309,5.09,24,33,96,7.53,4.69,1,2009
Jaimie Thomas,OG,Maryland,76,323,5.29,,20,,,,1,2009
Fenuki Tupou,OT,Oregon,77,314,5.2,25.5,24,94,8.33,5.02,1,2009
Max Unger,C,Oregon,77,309,5.26,24.5,22,93,7.39,4.5,1,2009
Kraig Urbik,OG,Wisconsin,77,328,5.25,24,29,94,7.87,4.89,1,2009
Jose Valdez,OT,Arkansas,76,315,5.16,29.5,15,100,7.93,4.93,-1,2009
Louis Vasquez,OG,Texas Tech,77,333,5.22,,39,,,,1,2009
Brandon Walker,OG,Notre Dame,75,306,5.09,34,26,109,,5.07,-1,2009
Jason Watkins,OT,Florida,78,318,5.51,24.5,18,90,7.89,5.03,-1,2009
Edwin Williams,C,Maryland,74,308,5.4,28.5,22,99,8.15,4.98,-1,2009
Eric Wood,C,Louisville,76,310,5.19,30.5,30,99,7.56,4.51,1,2009
Jon Asamoah,OG,Illinois,76,305,5.07,,,,,,1,2010
Zane Beadles,OG,Utah,76,310,5.28,,27,,,,1,2010
Ciron Black,OG,LSU,76,327,5.53,25.5,23,91,8.52,5.13,-1,2010
Dorian Brooks,OG,James Madison,74,306,5.15,23,26,100,7.73,4.66,-1,2010
Charles Brown,OT,USC,77,303,5.21,31.5,21,,,,1,2010
Bryan Bulaga,OT,Iowa,77,314,5.2,27.5,26,98,7.7,4.75,1,2010
Jeff Byers,C,USC,75,301,5.04,,33,,,,-1,2010
Kyle Calloway,OT,Iowa,78,323,5.46,23.5,22,92,7.96,4.86,1,2010
Bruce Campbell,OT,Maryland,78,314,4.75,32,34,101,7.58,4.69,1,2010
Selvish Capers,OT,West Virginia,77,308,5.11,30.5,19,106,7.68,4.68,1,2010
Brandon Carter,OG,Texas Tech,78,329,5.34,24.5,22,102,7.82,4.94,-1,2010
Erik Cook,C,New Mexico,78,318,5.55,25,19,94,8.24,4.99,1,2010
Anthony Davis,OT,Rutgers,77,323,5.36,33,21,99,8.17,4.97,1,2010
Chris DeGeare,OG,Wake Forest,76,325,5.12,32.5,27,103,7.84,4.9,1,2010
Vladimir Ducasse,OT,Massachusetts,76,332,5.21,26,29,91,8.25,4.97,1,2010
Jason Fox,OT,Miami (FL),79,303,5.45,,23,,,,1,2010
Kurtis Gregory,OG,Missouri,76,305,5.31,25.5,26,91,7.62,4.93,-1,2010
Joe Hawley,C,UNLV,75,297,5.21,26,35,105,7.5,4.73,1,2010
Mike Iupati,OG,Idaho,77,331,5.24,27.5,27,92,7.85,4.93,1,2010
John Jerry,OT,Mississippi,77,328,5.15,27.5,,101,7.93,4.69,1,2010
Mike Johnson,OG,Alabama,77,312,5.37,25,,91,8.15,5.01,1,2010
Kyle Jolly,OT,North Carolina,78,311,5.36,21.5,20,89,7.89,4.87,-1,2010
Matt Kopa,OT,Stanford,78,300,5.14,,,,,,-1,2010
Ted Larsen,C,North Carolina State,75,304,5.19,24,26,96,7.81,4.66,1,2010
Shawn Lauvao,OG,Arizona State,75,315,5.22,26.5,33,101,7.56,4.51,1,2010
Marshall Newhouse,OG,TCU,76,319,4.99,25,25,97,7.4,4.6,1,2010
Russell Okung,OT,Oklahoma State,77,307,5.18,,38,,,,1,2010
Eric Olsen,C,Notre Dame,76,306,5.25,29.5,35,93,7.5,4.82,1,2010
Alex Parsons,OG,USC,76,309,5.12,27,23,99,,,-1,2010
Cole Pemberton,OT,Colorado State,79,315,5.37,22.5,18,96,7.65,4.77,-1,2010
Mitch Petrus,OG,Arkansas,75,310,5.34,,45,,,,1,2010
Maurkice Pouncey,C,Florida,76,304,5.25,,,95,7.74,4.92,1,2010
Dace Richardson,OG,Iowa,77,320,5.76,23.5,19,87,8.58,5.38,-1,2010
Rodger Saffold,OT,Indiana,77,316,5.21,29.5,27,113,7.42,4.67,1,2010
Chris Scott,OG,Tennessee,77,319,5.52,22.5,19,90,8.24,5.03,1,2010
Shelley Smith,OG,Colorado State,75,300,5.03,34,26,112,7.67,4.71,1,2010
Matt Tennant,C,Boston Col.,77,300,5.15,25,27,98,7.6,4.62,1,2010
Mike Tepper,OG,California,77,324,5.31,26.5,28,94,7.95,5.25,-1,2010
Adam Ulatoski,OG,Texas,77,300,5.52,26,24,94,7.98,4.99,-1,2010
Jared Veldheer,OT,Hillsdale,80,312,5.06,33.5,32,109,7.4,4.51,1,2010
J.D. Walton,C,Baylor,75,300,5.19,27,24,101,7.6,4.69,1,2010
Ed Wang,OT,Virginia Tech,77,314,5.18,27,29,96,,4.7,1,2010
Tony Washington,OT,Appalachian State,78,311,5.25,29.5,33,114,7.52,4.84,-1,2010
Thomas Welch,OT,Vanderbilt,78,307,5.42,29,29,105,7.67,4.8,1,2010
Trent Williams,OT,Oklahoma,77,315,4.81,34.5,23,113,7.64,4.63,1,2010
Sam Young,OT,Notre Dame,80,316,5.2,29.5,29,104,7.73,4.87,1,2010
David Arkin,OG,Missouri State,77,300,5.31,29,25,103,7.6,4.63,1,2011
Joe Barksdale,OT,LSU,77,325,5.31,29,29,103,8.27,4.75,1,2011
Ryan Bartholomew,C,Syracuse,73,302,4.93,26.5,34,92,7.62,4.62,-1,2011
Clint Boling,OG,Georgia,77,308,5.28,31,28,102,7.66,4.64,1,2011
Justin Boren,OG,Ohio State,75,309,5.4,,28,,7.57,4.75,-1,2011
James Brewer,OT,Indiana,78,323,5.21,26,25,100,7.84,4.81,1,2011
Marcus Cannon,OT,TCU,77,358,5.26,30.5,33,105,8.07,4.97,1,2011
Gabe Carimi,OT,Wisconsin,79,314,5.18,31.5,29,109,,,1,2011
James Carpenter,OT,Alabama,76,321,5.22,,23,,,,1,2011
Anthony Castonzo,OT,Boston Col.,79,311,5.21,29.5,28,105,7.25,4.4,1,2011
Garrett Chisolm,OG,South Carolina,77,312,5.36,,,,,,-1,2011
Josh Davis,OT,Georgia,79,313,5.5,24,,91,7.98,5.07,-1,2011
Ray Dominguez,OG,Arkansas,76,334,5.45,27.5,21,90,7.74,4.9,-1,2011
Orlando Franklin,OT,Miami (FL),77,316,5.11,28.5,26,,,,1,2011
Brandon Fusco,C,Slippery Rock,76,306,5.18,28.5,26,108,7.29,4.43,1,2011
Marcus Gilbert,OT,Florida,78,330,5.41,,30,,,,1,2011
Adam Grant,OT,Arizona,78,325,5.54,26.5,25,99,8.25,5,-1,2011
Chris Hairston,OT,Clemson,78,326,5.38,29,33,96,7.9,4.7,1,2011
Ricky Henry,OG,Nebraska,75,308,5.68,24,20,90,7.98,4.68,-1,2011
Kyle Hix,OT,Texas,79,319,5.44,32,24,104,7.77,4.78,-1,2011
Rodney Hudson,C,Florida State,74,299,5.27,25.5,27,95,8.03,4.96,1,2011
Kevin Hughes,OT,SE Louisiana,76,302,5.31,29.5,22,95,8.29,4.97,-1,2011
Zach Hurd,OG,Connecticut,79,316,5.28,28,,101,7.73,4.77,-1,2011
Maurice Hurt,OG,Florida,75,318,5.39,,18,,,,1,2011
Ben Ijalana,OG,Villanova,76,317,5.2,,,,,,1,2011
Andrew Jackson,OG,Fresno State,77,299,5.27,28,25,98,7.55,4.65,1,2011
Carl Johnson,OG,Florida,77,361,5.4,25.5,25,96,,5.03,-1,2011
Jason Kelce,C,Cincinnati,75,280,4.89,30.5,,110,7.22,4.14,1,2011
Daniel Kilgore,OG,Appalachian State,75,308,5.28,32.5,23,105,7.59,4.68,1,2011
Jarriel King,OT,South Carolina,77,317,5.03,30,23,114,7.6,4.77,-1,2011
Rich Lapham,OT,Boston Col.,80,315,5.34,,,,,,-1,2011
Alex Linnenkohl,C,Oregon State,74,304,5.36,26.5,24,89,7.67,4.62,-1,2011
DeMarcus Love,OT,Arkansas,76,315,5.18,26.5,27,97,7.84,4.84,1,2011
John Moffitt,OG,Wisconsin,76,319,5.51,30.5,23,102,7.79,4.53,1,2011
Derek Newton,OT,Arkansas State,77,311,5,25.5,24,100,7.76,5,1,2011
Kris O'Dowd,C,USC,76,304,5.12,32.5,31,105,7.67,4.59,-1,2011
Mike Person,OG,Montana State,76,299,5.07,28,21,108,7.44,4.5,1,2011
Jason Pinkston,OT,Pittsburgh,75,317,5.39,26.5,,98,7.88,4.91,1,2011
Mike Pouncey,OG,Florida,77,303,5.12,25,,96,7.66,4.64,1,2011
Will Rackley,OG,Lehigh,75,309,5.39,23.5,29,99,7.91,4.94,1,2011
Jah Reid,OT,Central Florida,79,327,5.32,29.5,28,111,7.73,4.65,1,2011
Steve Schilling,OG,Michigan,76,308,5.18,25.5,30,98,7.73,4.62,1,2011
Caleb Schlauderaff,OG,Utah,76,305,5.18,,,,,,1,2011
Derek Sherrod,OT,Mississippi State,77,321,5.18,28,23,97,7.43,4.63,1,2011
Tyron Smith,OT,USC,77,307,4.93,,29,,,,1,2011
Willie Smith,OT,East Carolina,77,310,5.4,30.5,,106,7.95,4.83,-1,2011
Nate Solder,OT,Colorado,80,319,4.96,32,21,110,7.44,4.34,1,2011
Zane Taylor,C,Utah,74,309,5.52,25.5,33,104,8.15,4.77,-1,2011
Isaiah Thompson,OG,Houston,75,300,6,25,23,82,9.04,5.56,-1,2011
Julian Vandervelde,OG,Iowa,74,301,5.12,31,23,104,7.46,4.59,1,2011
Danny Watkins,OG,Baylor,75,310,5.36,26,29,92,7.61,4.62,1,2011
Keith Williams,OG,Nebraska,76,318,5.28,24.5,23,93,8.42,5.03,1,2011
Zack Williams,C,Washington State,75,309,5.18,30,28,103,7.54,4.62,-1,2011
Stefen Wisniewski,C,Penn State,75,313,5.29,28.5,30,100,7.51,4.63,1,2011
Lee Ziemba,OT,Auburn,78,317,5.5,29,20,95,7.74,4.65,1,2011
Mike Adams,OT,Ohio State,79,323,5.28,28.5,19,100,7.94,4.95,1,2012
Jeff Allen,OT,Illinois,76,307,5.17,27.5,26,102,8.01,4.9,1,2012
Justin Anderson,OT,Georgia,76,335,5.24,27,32,101,8.04,4.99,1,2012
Mark Asper,OG,Oregon,78,319,5.32,,23,,,,1,2012
Kelvin Beachum,OG,SMU,75,303,5.38,28.5,19,101,7.79,4.8,1,2012
Tony Bergstrom,OT,Utah,77,313,5.19,29.5,32,101,7.95,4.84,1,2012
Philip Blake,C,Baylor,75,311,5.17,29.5,22,105,7.86,4.65,1,2012
Mike Brewster,C,Ohio State,76,312,5.22,25,29,96,7.73,4.6,-1,2012
James Brown,OG,Troy,75,306,5.19,25.5,24,102,7.7,4.78,-1,2012
Tom Compton,OT,South Dakota,77,314,5.01,30,20,108,7.59,4.6,1,2012
Paul Cornick,OT,North Dakota State,77,310,5.3,,25,,,,-1,2012
John Cullen,OT,Utah,76,297,5.28,27,23,102,7.58,4.59,-1,2012
Andrew Datko,OT,Florida State,78,315,5.19,29.5,,100,7.71,4.54,1,2012
David DeCastro,OG,Stanford,77,316,5.32,29.5,34,98,7.3,4.56,1,2012
Taylor Dever,OT,Notre Dame,77,298,5.4,28,18,100,7.49,4.9,-1,2012
Garth Gerhart,C,Arizona State,73,305,5.38,30.5,25,96,7.63,4.65,-1,2012
Adam Gettis,OG,Iowa,74,293,4.9,31.5,,112,7.99,4.65,1,2012
Cordy Glenn,OT,Georgia,78,345,5.08,23.5,31,93,8.13,5,1,2012
Lamar Holmes,OT,Southern Miss,77,323,5.29,27,22,104,7.74,4.8,1,2012
Rishaw Johnson,OG,California (PA),75,313,5.12,31.5,22,108,7.87,4.53,-1,2012
Ben Jones,C,Georgia,75,303,5.35,30.5,29,105,7.95,4.74,1,2012
Marcel Jones,OT,Nebraska,78,320,5.57,27.5,13,95,8.03,5.12,1,2012
Matt Kalil,OT,USC,79,306,4.96,27,30,,7.33,4.65,1,2012
Senio Kelemete,OG,Washington,76,307,5.39,25,21,101,7.77,4.58,1,2012
Peter Konz,C,Wisconsin,77,314,5.16,,18,,,,1,2012
Ronald Leary,OG,Memphis,75,315,5.23,29,30,104,7.87,4.91,-1,2012
Josh LeRibeus,OG,SMU,75,312,5.31,26,29,96,7.64,4.65,1,2012
Joe Looney,OG,Wake Forest,75,309,5.02,,26,,,,1,2012
Jonathan Martin,OT,Stanford,77,312,5.27,,,,,,1,2012
Bobby Massie,OT,Mississippi,78,316,5.18,27.5,22,103,7.7,4.95,1,2012
Matt McCants,OT,Ala-Birmingham,78,308,5.4,25.5,17,97,,,1,2012
Antoine McClain,OG,Clemson,77,329,5.48,27,19,91,8.13,4.82,-1,2012
Ryan Miller,OG,Colorado,79,321,5.16,28,32,100,7.72,4.78,1,2012
David Molk,C,Michigan,73,298,5.18,,41,,,,1,2012
Brandon Mosley,OT,Auburn,78,314,5.14,27,30,103,7.43,4.78,1,2012
Lucas Nix,OG,Pittsburgh,77,317,5.36,29.5,,102,7.81,4.9,-1,2012
Josh Oglesby,OT,Virginia Tech,79,338,5.75,28.5,22,,,,-1,2012
Kelechi Osemele,OT,Iowa State,77,333,5.22,26.5,32,104,7.91,4.87,1,2012
Nate Potter,OT,Boise State,78,303,5.26,28.5,22,100,7.49,4.67,1,2012
Riley Reiff,OT,Iowa,78,313,5.16,26.5,23,98,7.87,4.75,1,2012
Matt Reynolds,OT,BYU,76,302,5.27,,25,,,,-1,2012
Zebrie Sanders,OT,Florida State,78,320,5.33,27,28,100,8.15,4.99,1,2012
Quentin Saulsberry,C,Mississippi State,74,304,5.28,22,26,90,8.19,4.99,-1,2012
Mitchell Schwartz,OT,California,77,318,5.38,26.5,23,89,7.86,4.87,1,2012
Amini Silatolu,OG,Midwestern State,76,311,5.33,31.5,28,107,7.95,4.87,1,2012
Donald Stephenson,OT,Oklahoma,77,312,4.94,35.5,19,114,7.52,4.78,1,2012
Andrew Tiller,OG,Syracuse,76,324,5.44,23,16,85,7.92,4.8,1,2012
Johnnie Troutman,OG,Penn State,76,325,5.52,27.5,31,,7.96,5,1,2012
Dustin Waldron,OT,Portland State,77,305,5.23,26,29,103,7.93,4.75,-1,2012
Brandon Washington,OG,Miami (FL),75,320,5.14,25,28,101,8.22,4.87,1,2012
Rokevious Watkins,OG,South Carolina,76,338,5.29,27,,102,7.87,4.9,1,2012
Desmond Wynn,OG,Rutgers,77,303,4.98,32.5,28,,,,-1,2012
Kevin Zeitler,OG,Wisconsin,76,314,5.32,29,32,101,7.77,4.61,1,2012
Markus Zusevics,OT,Iowa,77,303,5.08,,,,,,-1,2012
Oday Aboushi,OT,Virginia,77,308,5.41,23.5,17,100,7.92,4.84,1,2013
Zach Allen,OG,North Carolina State,74,332,5.43,,32,,,,-1,2013
Terron Armstead,OT,Ark-Pine Bluff,77,306,4.71,34.5,31,112,7.62,4.72,1,2013
Jeff Baca,OG,UCLA,75,302,5.03,26.5,,100,7.26,4.44,1,2013
Alvin Bailey,OG,Arkansas,75,312,4.95,,27,,,,-1,2013
David Bakhtiari,OT,Colorado,76,299,5.18,25.5,28,101,7.7,4.74,1,2013
Chris Barker,OG,Nevada,75,305,5.25,27.5,29,99,8.09,4.77,-1,2013
Nick Becton,OT,Virginia Tech,77,323,5.2,29.5,19,109,7.77,4.57,-1,2013
Travis Bond,OG,North Carolina,78,329,5.27,22.5,22,98,7.85,4.96,1,2013
Braden Brown,OT,BYU,77,310,5.2,28,26,100,7.43,4.7,-1,2013
Braxston Cave,C,Notre Dame,75,303,5.33,25.5,,98,7.81,4.71,-1,2013
Emmett Cleary,OT,Boston Col.,79,316,5.21,28.5,24,108,7.81,4.7,-1,2013
Jonathan Cooper,OG,North Carolina,74,311,5.07,27,35,108,7.78,4.84,1,2013
Jordan Devey,OT,Memphis,79,317,5.25,24,21,98,7.91,4.77,-1,2013
Chris Faulk,OT,LSU,77,331,5.08,,25,,,,-1,2013
Eric Fisher,OT,Central Michigan,79,306,5.05,28.5,27,116,7.59,4.44,1,2013
D.J. Fluker,OT,Alabama,77,339,5.31,,21,,,,1,2013
Manese Foketi,OG,Texas A&M,77,318,5.54,23.5,25,102,8.11,5.06,-1,2013
Reid Fragel,OT,Ohio State,80,308,5.14,30,33,113,7.62,4.68,1,2013
Travis Frederick,C,Wisconsin,76,312,5.58,28.5,21,97,7.81,4.76,1,2013
Rogers Gaines,OT,Tennessee State,78,334,5.24,23,28,,,5.24,-1,2013
Garrett Gilkey,OT,Chadron State,78,318,5.29,30,28,108,7.65,4.75,1,2013
Tanner Hawkinson,OT,Kansas,77,298,5.07,28.5,,112,7.52,4.51,1,2013
Eric Herman,OG,Ohio,76,320,5.25,28,36,95,7.99,5.09,1,2013
Khaled Holmes,C,USC,75,302,5.29,,13,,,,1,2013
Mark Jackson,OG,Glenville State,77,328,5.65,20.5,20,91,8.07,5.03,-1,2013
Luke Joeckel,OT,Texas A&M,78,306,5.3,28.5,27,106,7.4,4.68,1,2013
Lane Johnson,OT,Oklahoma,78,303,4.72,34,28,118,7.31,4.52,1,2013
Oscar Johnson,OT,Louisiana Tech,77,331,5.49,22,,88,8.06,5.06,-1,2013
T.J. Johnson,C,South Carolina,76,310,5.33,25.5,32,96,7.83,4.74,1,2013
Jamaal Johnson-Webb,OG,Alabama A&M,77,313,5.37,23,17,92,8.12,4.74,-1,2013
Barrett Jones,C,Alabama,76,306,5.43,,,,,,1,2013
Edmund Kugbila,OG,Valdosta State,76,317,5.13,22.5,23,105,7.72,4.65,1,2013
P.J. Lonergan,C,LSU,75,304,5.38,,25,,,,-1,2013
Kyle Long,OG,Oregon,78,313,4.91,28,,107,7.83,4.63,1,2013
Joe Madsen,C,West Virginia,75,310,5.2,25,25,98,7.6,4.83,-1,2013
Lamar Mady,OG,Youngstown State,74,317,5.48,23,35,95,8.07,4.82,-1,2013
Luke Marquardt,OT,Azusa Pacific,80,315,5.34,,31,,,,-1,2013
Stephane Milhim,OG,Massachusetts,76,314,5.14,28.5,,104,,4.87,-1,2013
Jordan Mills,OT,Louisiana Tech,77,316,5.37,28.5,20,101,8.1,4.88,1,2013
Xavier Nixon,OT,Florida,78,321,5.23,,,,,,-1,2013
Vinston Painter,OT,Virginia Tech,76,306,4.95,30.5,32,97,7.71,4.56,1,2013
Justin Pugh,OT,Syracuse,76,307,5.12,28.5,,103,7.45,4.63,1,2013
David Quessenberry,OT,San Jose State,77,302,5.08,29.5,25,112,7.49,4.45,1,2013
Brian Schwenke,C,California,75,314,4.99,26.5,31,108,7.31,4.74,1,2013
Matt Stankiewitch,C,Penn State,75,302,5.43,24,27,92,7.9,4.96,-1,2013
Dallas Thomas,OT,Tennessee,77,306,5.08,,,,,,1,2013
Hugh Thornton,OG,Illinois,75,320,5.11,,27,,7.45,4.63,1,2013
J.C. Tretter,OG,Cornell,76,307,5.09,29.5,29,109,7.48,4.69,1,2013
Ricky Wagner,OT,Wisconsin,78,308,5.17,31.5,20,101,7.94,4.91,1,2013
Larry Warford,OG,Kentucky,75,332,5.58,22.5,28,96,7.78,5.1,1,2013
Chance Warmack,OG,Alabama,74,317,5.49,,,110,,,1,2013
Earl Watford,OG,James Madison,75,300,5.06,30,24,107,7.77,5,1,2013
Menelik Watson,OT,Florida State,77,310,5.29,24.5,,103,8.31,5.01,1,2013
Jason Weaver,OT,Southern Miss,76,313,5.44,21,23,94,8.23,5.07,-1,2013
John Wetzel,OT,Boston Col.,79,315,5.46,25,22,105,7.9,4.81,-1,2013
Brennan Williams,OT,North Carolina,78,318,5.27,,,,,,1,2013
Brian Winters,OG,Kent State,76,320,5.22,,9,,,,1,2013
Matt Armstrong,C,Grand Valley State,74,302,5.18,,,,,,-1,2014
Joel Bitonio,OG,Nevada,76,302,4.92,32,22,114,7.37,4.44,1,2014
Russell Bodine,OG,North Carolina,75,310,5.18,29,42,109,8.26,4.66,1,2014
Conor Boffeli,OG,Iowa,76,298,5.3,25,21,101,7.44,4.61,-1,2014
Justin Britt,OT,Missouri,78,325,5.19,27.5,23,100,8.14,4.69,1,2014
Dakota Dozier,OG,Furman,76,313,5.42,24,23,101,8.14,4.89,1,2014
Kadeem Edwards,OG,Tennessee State,76,313,5.25,27,26,99,7.95,4.82,1,2014
Matt Feiler,OT,Bloomsburg,78,330,5.37,26.5,36,103,8.13,4.86,-1,2014
Cameron Fleming,OT,Stanford,77,323,5.28,23.5,26,97,8.24,5,1,2014
Zach Fulton,OG,Tennessee,77,316,5.16,24.5,25,98,7.87,5.16,1,2014
Ryan Groy,OG,Wisconsin,77,316,5.19,26.5,26,108,7.49,4.47,-1,2014
Jon Halapio,OG,Florida,75,323,5.34,21.5,,100,8.26,4.83,1,2014
Jonotthan Harrison,C,Florida,75,304,5.15,27,27,113,7.97,4.86,-1,2014
Seantrel Henderson,OT,Miami (FL),79,331,5.04,24,,95,8.15,4.77,1,2014
James Hurst,OT,North Carolina,77,296,5.59,,,,,,-1,2014
Gabe Ikard,C,Oklahoma,76,304,5.13,26,22,103,7.3,4.37,-1,2014
Gabe Jackson,OG,Mississippi State,75,336,5.34,29,30,108,8.25,4.78,1,2014
Ja'Wuan James,OT,Tennessee,78,311,5.26,29,22,103,7.42,4.56,1,2014
Wesley Johnson,C,Vanderbilt,77,297,5.11,29,26,111,7.4,4.64,1,2014
Cyrus Kouandjio,OT,Alabama,79,322,5.59,27.5,21,96,7.71,4.84,1,2014
Tyler Larsen,C,Utah State,76,313,5.17,23.5,36,102,8.22,4.7,-1,2014
Charles Leno,OG,Boise State,76,303,5.25,29,21,108,7.57,4.4,1,2014
Taylor Lewan,OT,Michigan,79,309,4.87,30.5,29,117,7.39,4.49,1,2014
Brandon Linder,OG,Miami (FL),78,311,5.35,26.5,30,100,,,1,2014
Corey Linsley,C,Ohio State,75,296,5.24,27,36,,,,1,2014
Spencer Long,OG,Nebraska,77,320,5.16,,,,,,1,2014
Cornelius Lucas,OT,Kansas State,80,316,5.29,,,,,,-1,2014
Marcus Martin,C,USC,75,320,5.38,,23,,,,1,2014
Zack Martin,OG,Notre Dame,76,308,5.22,28,29,106,7.65,4.59,1,2014
Jake Matthews,OT,Texas A&M,77,308,5.07,30.5,24,105,7.34,4.47,1,2014
Jack Mewhort,OT,Ohio State,78,309,5.37,26,28,101,7.79,4.64,1,2014
Morgan Moses,OT,Virginia,78,314,5.35,21.5,,106,7.93,4.95,1,2014
Matt Paradis,C,Boise State,75,306,5.34,26,23,103,7.6,4.46,1,2014
Matt Patchan,OT,Boston Col.,78,302,4.97,33.5,22,,,,-1,2014
Antonio Richardson,OT,Tennessee,78,336,5.3,24.5,36,,,,-1,2014
Cyril Richardson,OG,Baylor,77,329,5.36,25.5,25,91,7.7,4.83,1,2014
Weston Richburg,C,Colorado State,75,298,5.1,25.5,25,106,7.93,4.63,1,2014
Greg Robinson,OT,Auburn,77,332,4.92,28.5,32,113,7.8,4.86,1,2014
Michael Schofield,OT,Michigan,78,301,5.01,24,,93,7.62,4.57,1,2014
Anthony Steen,OG,Alabama,75,314,5.33,,,,,,-1,2014
James Stone,C,Tennessee,76,306,5.17,27.5,22,105,8.16,4.63,-1,2014
Bryan Stork,C,Florida State,76,315,5.44,,,,,,1,2014
Xavier Su'a-Filo,OG,UCLA,76,307,5.04,25,25,102,7.6,4.44,1,2014
Travis Swanson,C,Arkansas,77,312,5.28,26,20,95,7.73,4.65,1,2014
Brandon Thomas,OG,Clemson,75,317,5.09,29,35,98,8.13,4.83,1,2014
Billy Turner,OT,North Dakota State,77,315,5.16,28,25,108,7.92,4.71,1,2014
Trai Turner,OG,LSU,75,310,4.93,27.5,25,,,,1,2014
John Urschel,OG,Penn State,75,313,5.31,29,30,102,7.55,4.47,1,2014
Chris Watt,OG,Notre Dame,75,310,5.5,,29,,,,1,2014
David Yankey,OG,Stanford,78,315,5.48,28.5,22,103,7.81,4.86,1,2014
Al Bond,OG,Memphis,76,303,5.57,23.5,22,90,7.9,4.65,-1,2015
Brett Boyko,OG,UNLV,79,301,5.6,25,,103,7.91,4.75,-1,2015
Jamon Brown,OT,Louisville,76,323,5.08,,,,,,1,2015
Trenton Brown,OG,Florida,80,355,5.21,23.5,20,97,8.23,4.78,1,2015
A.J. Cann,OG,South Carolina,75,313,5.47,,26,,,,1,2015
Cameron Clear,OT,Texas A&M,77,277,4.98,32,,108,7.52,4.48,-1,2015
T.J. Clemmings,OT,Pittsburgh,77,309,5.14,32.5,22,111,7.68,4.54,1,2015
Takoby Cofield,OT,Duke,76,310,5.19,30,23,101,8.09,4.79,-1,2015
La'el Collins,OT,LSU,76,305,5.1,27,21,108,7.7,4.63,-1,2015
Rob Crisp,OT,Boise State,79,301,5.26,32.5,26,107,8.07,4.6,-1,2015
Reese Dismukes,C,Auburn,75,296,5.31,27.5,23,107,8.14,4.7,-1,2015
Andrew Donnal,OT,Iowa,78,313,5.31,32,17,101,7.84,4.77,1,2015
Jamil Douglas,OG,Arizona State,76,304,5.25,29,28,99,7.99,4.75,1,2015
Cameron Erving,C,Florida State,77,313,5.15,30.5,30,112,7.48,4.63,1,2015
Tayo Fabuluje,OG,TCU,78,353,5.55,29.5,,,,4.77,1,2015
Jon Feliciano,OG,Miami (FL),76,323,5.33,26.5,,97,,4.74,1,2015
B.J. Finney,C,Kansas State,76,318,5.25,24,20,99,,4.76,-1,2015
Jake Fisher,OT,Oregon,78,306,5.01,32.5,25,,7.25,4.33,1,2015
Ereck Flowers,OT,Miami (FL),78,329,5.31,,37,,,,1,2015
Andy Gallik,C,Boston Col.,74,306,5.5,27,29,96,7.66,4.58,1,2015
Max Garcia,C,Florida,76,309,5.24,,,,,,1,2015
Laurence Gibson,OT,Virginia Tech,78,305,5.04,33.5,24,113,7.72,4.56,1,2015
Mark Glowinski,OG,West Virginia,76,307,5.2,29.5,31,113,7.56,4.58,1,2015
Hroniss Grasu,C,Oregon,75,297,5.03,,,,,,1,2015
Chaz Green,OT,Florida,77,314,5.16,29.5,21,106,8,4.7,1,2015
Chad Hamilton,C,Coastal Carolina,74,292,4.97,,,,,,-1,2015
Jarvis Harrison,OG,Texas A&M,76,330,5.19,29.5,26,102,7.51,4.62,1,2015
Bobby Hart,OG,Florida State,77,329,5.61,,,,,,1,2015
Rob Havenstein,OT,Wisconsin,79,321,5.46,28.5,16,96,8.28,4.87,1,2015
Sean Hickey,OT,Syracuse,77,309,5.39,,35,,,,-1,2015
D.J. Humphries,OT,Florida,77,307,5.12,31,26,104,7.87,4.64,1,2015
Tre Jackson,OG,Florida State,76,330,5.52,25,,96,,,1,2015
Arie Kouandjio,OG,Alabama,77,310,5.48,,,,,,1,2015
Greg Mancz,C,Toledo,76,301,5.08,,,,,,-1,2015
Ali Marpet,OG,Hobart & William Smith,76,307,4.98,30.5,30,108,7.33,4.47,1,2015
Josue Matias,OG,Florida State,77,309,5.52,17.5,,84,8.19,5.12,-1,2015
Darrian Miller,OT,Kentucky,77,307,5.51,25,,97,7.91,4.87,-1,2015
John Miller,OG,Louisville,74,303,5.33,27,29,104,8.2,4.75,1,2015
Mitch Morse,OG,Missouri,77,305,5.14,31,36,112,7.6,4.5,1,2015
Robert Myers,OG,Tennessee State,77,326,5.44,27.5,,94,8.1,4.91,1,2015
Cedric Ogbuehi,OT,Texas A&M,77,306,4.98,,23,,,,1,2015
Andrus Peat,OT,Stanford,79,313,5.18,31,,105,8.01,4.62,1,2015
Terry Poole,OT,San Diego State,77,307,5.09,31,25,113,7.9,4.66,1,2015
Jeremiah Poutasi,OG,Utah,77,335,5.32,26.5,26,95,8.09,4.89,1,2015
Corey Robinson,OT,South Carolina,79,324,5.34,,28,,,,1,2015
Ty Sambrailo,OT,Colorado State,78,311,5.36,29,23,97,7.54,4.58,1,2015
Brandon Scherff,OT,Iowa,77,319,5.05,,23,,,,1,2015
Adam Shead,OG,Oklahoma,76,338,5.74,,26,,,,-1,2015
Austin Shepherd,OT,Alabama,76,315,5.39,29,17,94,8.04,4.7,1,2015
Donovan Smith,OT,Penn State,78,338,5.27,32,26,109,7.95,4.79,1,2015
Tyrus Thompson,OT,Oklahoma,77,324,5.35,29,29,97,,4.92,1,2015
Laken Tomlinson,OG,Duke,75,323,5.33,31.5,25,103,8.17,4.87,1,2015
Daryl Williams,OT,Oklahoma,77,327,5.34,26,27,97,,5.15,1,2015
Vadal Alexander,OT,LSU,77,326,5.57,24,25,95,8.04,4.9,1,2016
Jack Allen,C,Michigan State,73,294,5.29,26.5,23,101,7.9,4.73,-1,2016
Willie Beavers,OT,West. Michigan,77,321,5.28,25.5,20,103,7.96,4.71,1,2016
Caleb Benenoch,OT,UCLA,77,311,4.98,28,,104,8.15,5.11,1,2016
Austin Blythe,C,Iowa,74,298,5.36,27.5,29,99,7.52,4.53,1,2016
Evan Boehm,C,Missouri,74,302,5.33,28.5,24,96,7.52,4.69,1,2016
Jake Brendel,C,UCLA,75,303,5.01,28,25,108,7.31,4.27,-1,2016
Joseph Cheek,OG,Texas A&M,78,295,5.27,,20,,,,-1,2016
Le'Raven Clark,OT,Texas Tech,77,316,5.16,,18,,,,1,2016
Shon Coleman,OT,Auburn,77,307,5.18,,22,,,,1,2016
Jack Conklin,OT,Michigan State,78,308,5,30,25,103,7.63,4.57,1,2016
Fahn Cooper,OT,Mississippi,76,303,5.17,25,19,102,7.85,4.89,1,2016
Joe Dahl,OT,Washington State,76,304,5.18,31,28,109,7.64,4.77,1,2016
Taylor Decker,OT,Ohio State,79,310,5.23,29,20,101,7.7,4.76,1,2016
Spencer Drango,OT,Baylor,78,315,5.27,27,30,100,7.88,4.66,1,2016
Parker Ehinger,OT,Cincinnati,78,310,5.26,27.5,,97,,,1,2016
Joshua Garnett,OG,Stanford,76,312,5.32,29,30,99,7.62,4.64,1,2016
Graham Glasgow,C,Michigan,78,307,5.13,25,23,106,7.63,4.63,1,2016
Darrell Greene,OG,San Diego State,75,321,5.2,21.5,28,98,8.07,4.98,-1,2016
Joe Haeg,OT,North Dakota State,78,304,5.16,27.5,,111,7.47,4.47,1,2016
Jerald Hawkins,OT,LSU,78,305,5.23,23.5,23,100,8.19,4.89,1,2016
Germain Ifedi,OT,Texas A&M,78,324,5.27,32.5,24,109,,4.75,1,2016
Dominick Jackson,OT,Alabama,77,313,5.38,26,20,97,,,-1,2016
Tyler Johnstone,OT,Oregon,77,301,5.21,30.5,24,104,7.31,4.6,-1,2016
Nila Kasitati,OG,Oklahoma,75,317,5.32,27.5,12,107,8.3,4.83,-1,2016
Ryan Kelly,C,Alabama,76,311,5.03,30,26,103,7.58,4.59,1,2016
Denver Kirkland,OT,Arkansas,76,335,5.55,22.5,19,94,8.72,5.06,-1,2016
Alex Lewis,OT,Nebraska,78,312,5.22,29.5,27,100,7.94,4.72,1,2016
Nick Martin,C,Notre Dame,76,299,5.22,28,28,97,7.57,4.72,1,2016
Tyler Marz,OT,Wisconsin,79,316,5.54,27.5,19,99,8.38,4.97,-1,2016
Connor McGovern,OG,Missouri,76,306,5.11,33,33,109,7.5,4.65,1,2016
Kyle Murphy,OT,Stanford,78,305,5.19,,23,,,,1,2016
Stephane Nembot,OT,Colorado,79,322,5.39,26.5,32,103,8.55,5.15,-1,2016
Rees Odhiambo,OT,Boise State,76,314,5.17,,23,,,,1,2016
Alex Redmond,OG,UCLA,77,294,5.3,28,30,111,7.75,4.9,-1,2016
Dominique Robertson,OT,West Georgia,77,324,5.36,28.5,30,100,8.42,4.83,-1,2016
Isaac Seumalo,OG,Oregon State,76,303,5.19,26,,105,7.4,4.52,1,2016
Brandon Shell,OT,South Carolina,77,324,5.22,30.5,22,112,,,1,2016
Matt Skura,C,Duke,75,305,5.39,24,27,103,7.89,4.76,-1,2016
Pearce Slater,OT,San Diego State,79,329,5.42,23,17,92,8.36,5.12,-1,2016
Jason Spriggs,OT,Indiana,78,301,4.94,31.5,31,115,7.7,4.44,1,2016
Ronnie Stanley,OT,Notre Dame,78,312,5.2,28.5,,,8.03,4.9,1,2016
John Theus,OT,Georgia,78,313,5.22,28,,103,7.9,4.78,1,2016
Joe Thuney,OT,North Carolina State,77,304,4.95,28.5,28,110,7.47,4.54,1,2016
Cole Toner,OT,Harvard,77,306,5.32,26,22,103,7.88,4.59,1,2016
Sebastian Tretola,OG,Arkansas,76,314,5.45,23.5,22,90,7.94,5.02,1,2016
Max Tuerk,C,USC,77,298,5.12,,22,,,,1,2016
Laremy Tunsil,OT,Mississippi,77,310,5.23,,,,,,1,2016
Landon Turner,OG,North Carolina,76,330,5.58,19,30,88,,,-1,2016
Halapoulivaati Vaitai,OT,TCU,78,320,5.26,29,23,113,8.26,5,1,2016
Christian Westerman,OG,Arizona State,75,298,5.12,,34,98,7.69,4.71,1,2016
Cody Whitehair,OT,Kansas State,76,301,5.02,25.5,16,110,7.32,4.58,1,2016
Avery Young,OT,Auburn,77,328,5.39,,,,8.22,4.91,-1,2016
Isaac Asiata,OG,Utah,75,323,5.34,25.5,35,102,7.83,4.93,1,2017
Erik Austell,OG,Charleston Southern,75,301,5.23,27.5,24,107,8.13,4.9,-1,2017
Zach Banner,OG,USC,80,353,5.58,23.5,22,92,8.31,5.21,1,2017
Adam Bisnowaty,OT,Pittsburgh,78,304,5.23,29.5,23,96,8.02,4.94,1,2017
Garrett Bolles,OT,Utah,77,297,4.95,28,,115,7.29,4.55,1,2017
Ben Braden,OG,Michigan,78,329,5.04,28,25,102,7.85,4.9,-1,2017
Daniel Brunskill,OT,San Diego State,77,273,,28,17,106,7.9,4.84,-1,2017
Collin Buchanan,OT,Miami (OH),77,316,,25,23,97,,,-1,2017
Aviante Collins,OG,TCU,76,295,4.81,,34,,,,-1,2017
Ethan Cooper,OG,Indiana (PA),74,322,5.36,24.5,26,99,8.02,4.88,-1,2017
Julien Davenport,OT,Bucknell,79,318,5.45,27,18,106,7.57,4.69,-1,2017
Dion Dawkins,OG,Temple,76,314,5.11,26,26,106,7.3,4.78,1,2017
J.J. Dielman,OT,Utah,77,309,,,27,,,,1,2017
Jessamen Dunker,OG,Tennessee State,76,318,4.98,28.5,23,108,,,-1,2017
Pat Elflein,C,Ohio State,75,303,5.32,23.5,22,99,7.94,4.71,1,2017
Jermaine Eluemunor,OG,Texas A&M,76,332,5.22,,34,,,,1,2017
Dan Feeney,OG,Indiana,76,305,5.24,28,26,101,7.52,4.68,1,2017
Kyle Fuller,C,Baylor,77,307,5.24,26,23,96,7.71,4.84,1,2017
Antonio Garcia,OT,Troy,78,302,5.15,31,24,108,7.98,4.94,1,2017
Avery Gennesy,OG,Texas A&M,75,318,5.35,20,24,91,8.08,5,-1,2017
Sean Harlow,OG,Oregon State,76,303,5.15,30.5,26,105,8.16,4.81,1,2017
Will Holden,OT,Vanderbilt,79,311,5.47,28,23,111,7.71,4.72,1,2017
Danny Isidora,OG,Miami (FL),75,306,5.03,29,26,94,8.13,4.9,1,2017
Dorian Johnson,OG,Pittsburgh,77,300,5.27,30,21,114,8.39,5.09,1,2017
Roderick Johnson,OT,Florida State,79,298,,,,,,,1,2017
Forrest Lamp,OG,Western Kentucky,76,309,5,27.5,34,111,7.55,4.62,1,2017
Javarius Leamon,OT,South Carolina State,79,332,,23.5,22,,,,-1,2017
Cameron Lee,OG,Illinois State,77,312,5.44,25.5,18,100,8.02,4.75,-1,2017
Corey Levin,OG,Tenn-Chattanooga,76,307,5.16,26.5,26,106,7.55,4.73,1,2017
Damien Mama,OG,USC,75,334,5.84,24.5,,96,8.51,5.38,-1,2017
Conor McDermott,OT,UCLA,80,307,5.18,28.5,,105,7.52,4.58,1,2017
Jordan Morgan,OG,Kutztown Pennsylvania,75,309,5.36,27,21,102,8.13,4.73,1,2017
Taylor Moton,OT,West. Michigan,77,319,5.18,30.5,23,109,7.73,4.58,1,2017
Tyler Orlosky,C,West Virginia,75,298,,,24,,,,-1,2017
Ethan Pocic,C,LSU,78,310,5.15,27,26,107,7.89,4.81,1,2017
Ryan Ramczyk,OT,Wisconsin,78,310,,,25,,,,1,2017
Cam Robinson,OT,Alabama,78,322,5.15,26,,106,7.81,4.82,1,2017
Chase Roullier,C,Wyoming,76,312,5.54,26.5,19,97,7.6,4.47,1,2017
Justin Senior,OT,Mississippi State,77,331,5.55,23,,98,8.19,5.06,1,2017
David Sharpe,OT,Florida,78,343,5.44,20.5,19,97,7.87,4.78,1,2017
Nico Siragusa,OG,San Diego State,76,319,5.35,32,28,110,7.71,4.56,1,2017
Dan Skipper,OT,Arkansas,82,309,5.42,26,,97,7.61,5.01,-1,2017
Sam Tevi,OT,Utah,77,311,5.27,26,15,107,7.84,4.6,1,2017
Nate Theaker,OG,Wayne State (MI),77,315,5.41,27,23,105,7.97,4.89,-1,2017
Jon Toth,C,Kentucky,77,307,5.51,25.5,21,100,8.09,4.84,-1,2017
Jerry Ugokwe,OT,William & Mary,79,321,5.61,26,18,103,8.35,5.17,-1,2017
Chad Wheeler,OT,USC,79,306,5.48,20.5,15,105,,5.01,-1,2017
Brian Allen,C,Michigan State,73,298,5.34,26.5,27,99,7.81,4.71,1,2018
David Bright,OT,Stanford,77,307,,,,,,,-1,2018
Orlando Brown,OT,Oklahoma,80,345,5.85,19.5,14,82,7.87,5.38,1,2018
Alex Cappa,OT,Humboldt State,78,305,5.39,26.5,24,97,8.04,4.84,1,2018
Geron Christian,OT,Louisville,77,298,5.33,,19,,,,1,2018
Will Clapp,C,LSU,76,311,5.39,29,25,97,8.04,4.92,1,2018
Mason Cole,C,Michigan,76,307,5.23,23.5,23,104,7.77,4.78,1,2018
Austin Corbett,OG,Nevada,76,306,5.15,28,19,106,7.87,4.5,1,2018
Tyrell Crosby,OT,Oregon,77,309,5.23,30,17,105,7.89,4.77,1,2018
James Daniels,C,Iowa,75,306,,30.5,21,108,7.29,4.4,1,2018
Jamil Demby,OG,Maine,76,319,5.58,23.5,17,98,7.86,4.95,1,2018
Nick Gates,OT,Nebraska,77,307,5.46,24,20,94,7.61,4.68,-1,2018
Colby Gossett,OG,Appalachian State,77,311,5.2,25,32,103,7.6,4.83,1,2018
Desmond Harrison,OT,West Georgia,78,292,4.9,,,,,,-1,2018
Taylor Hearn,OG,Clemson,76,320,5.45,24,18,96,7.84,4.8,-1,2018
Will Hernandez,OG,Texas-El Paso,74,327,5.15,24,37,104,7.59,4.7,1,2018
Jamarco Jones,OT,Ohio State,76,299,5.5,24,,102,8.32,4.99,1,2018
Sam Jones,OG,Arizona State,77,305,5.32,27,28,101,7.92,4.86,1,2018
Jaryd Jones-Smith,OT,Pittsburgh,78,317,5.22,27,16,109,8.1,4.94,-1,2018
Rick Leonard,OT,Florida State,79,311,,,19,,,,1,2018
Cole Madison,OL,Washington State,77,308,5.33,28.5,26,97,7.86,4.88,1,2018
K.J. Malone,OG,LSU,76,303,5.34,29.5,15,103,,,-1,2018
Kc McDermott,OG,Miami (FL),78,311,5.35,23.5,26,97,7.72,4.82,-1,2018
Mike McGlinchey,OT,Notre Dame,80,309,,28.5,24,105,,,1,2018
Kolton Miller,OT,UCLA,81,309,4.95,31.5,24,121,7.34,4.49,1,2018
Quenton Nelson,OG,Notre Dame,77,325,,26.5,35,105,7.65,4.62,1,2018
Joseph Noteboom,OT,TCU,77,309,4.96,24,27,102,7.65,4.44,1,2018
Brian O'neill,OT,Pittsburgh,79,297,4.82,29.5,22,107,7.14,4.5,1,2018
Chukwuma Okorafor,OT,West. Michigan,78,320,5.31,23.5,19,102,7.87,4.8,1,2018
Brandon Parker,OT,North Carolina A&T,80,305,5.4,28.5,,113,7.82,4.68,1,2018
Timon Parris,OT,Stony Brook,78,312,,,27,,,,-1,2018
Skyler Phillips,OG,Idaho State,75,318,5.1,29,,104,7.95,4.69,-1,2018
Billy Price,C,Ohio State,76,305,,,,,,,1,2018
Scott Quessenberry,C,UCLA,76,310,5.09,33.5,25,111,7.5,4.69,1,2018
Frank Ragnow,C,Arkansas,77,312,,,26,,,,1,2018
Martinas Rankin,OL,Mississippi State,76,308,,,24,,,,1,2018
Will Richardson,OT,North Carolina State,78,306,5.26,31.5,,108,7.8,4.83,1,2018
Greg Senat,OT,Wagner,78,302,5.38,26,19,106,7.41,4.71,1,2018
Coleman Shelton,C,Washington,75,292,5.24,26.5,,110,7.62,4.59,-1,2018
Braden Smith,OG,Auburn,78,315,5.22,33.5,35,113,,4.77,1,2018
Rod Taylor,OT,Mississippi,75,320,5.24,30.5,,99,,,1,2018
Wyatt Teller,OG,Virginia Tech,76,314,5.24,29,30,114,7.45,4.84,1,2018
Brett Toth,OT,Army,78,291,,,,,,,-1,2018
Salesi Uhatafe,OG,Utah,77,310,5.4,28,,109,7.7,4.9,-1,2018
Toby Weathersby,OT,LSU,76,317,5.34,24.5,28,106,8.55,5.38,-1,2018
Sean Welsh,C,Iowa,75,306,5.43,25,20,103,7.9,4.81,-1,2018
Connor Williams,OT,Texas,77,296,5.05,34,26,112,7.83,4.63,1,2018
Isaiah Wynn,OG,Georgia,75,313,,,,,,,1,2018
Paul Adams,OT,Missouri,78,317,5.18,27,16,103,7.68,4.74,-1,2019
Zack Bailey,OL,South Carolina,77,299,,28,24,103,,,-1,2019
Alex Bars,OL,Notre Dame,78,312,,,,,,,-1,2019
Jackson Barton,OT,Utah,79,310,5.18,27,25,109,7.85,4.66,1,2019
Ryan Bates,OL,Penn State,76,306,5.09,27,28,102,7.45,4.53,-1,2019
Beau Benzschawel,OL,Wisconsin,78,309,5.24,,20,,,,-1,2019
Garrett Bradbury,OL,North Carolina State,75,306,4.92,31,34,104,7.41,4.53,1,2019
Yodny Cajuste,OT,West Virginia,77,312,,,32,,,,1,2019
Deion Calhoun,OL,Mississippi State,74,310,5.07,28.5,26,105,7.46,4.62,-1,2019
Dennis Daley,OT,South Carolina,77,317,5.23,26.5,20,103,7.95,4.92,1,2019
Nate Davis,OL,Charlotte,75,316,5.23,26,23,107,7.94,4.83,1,2019
Michael Deiter,OL,Wisconsin,77,309,5.23,28,21,105,7.88,4.81,1,2019
Andre Dillard,OT,Washington State,77,315,4.96,29,24,118,7.44,4.4,1,2019
Chuma Edoga,OT,USC,75,308,5.19,,21,,,,1,2019
David Edwards,OT,Wisconsin,78,308,5.28,25.5,,99,7.69,4.77,1,2019
Bobby Evans,OT,Oklahoma,76,312,5.2,,22,,,,1,2019
Cody Ford,OT,Oklahoma,76,329,5.21,28.5,19,104,8.27,4.87,1,2019
Hjalte Froholdt,OL,Arkansas,77,306,5.2,27.5,31,105,7.51,4.54,1,2019
Lamont Gaillard,OL,Georgia,75,305,,,,,,,1,2019
Derwin Gray,OT,Maryland,76,320,5.26,,26,90,,,1,2019
Donnell Greene,OT,Minnesota,77,335,,,,,,,-1,2019
Ethan Greenidge,OL,Villanova,76,327,,,,,,,-1,2019
Phil Haynes,OL,Wake Forest,76,322,5.2,31,33,108,7.76,4.95,1,2019
Nate Herbig,OL,Stanford,75,335,5.41,24,29,90,8.15,5.04,-1,2019
Tytus Howard,OT,Alabama State,77,322,5.05,29.5,21,103,8.34,4.87,1,2019
Mitch Hyatt,OT,Clemson,77,303,,25.5,28,102,7.72,4.52,-1,2019
Martez Ivey,OL,Florida,77,315,,,,,,,-1,2019
Andre James,OT,UCLA,76,299,5.32,29,21,105,8,4.84,-1,2019
Elgton Jenkins,OL,Mississippi State,76,310,,28,29,109,7.77,4.62,1,2019
Devon Johnson,OT,Ferris State,79,338,5.16,27.5,26,89,8.34,5.28,-1,2019
Fred Johnson,OL,Florida,79,326,,,,,,,-1,2019
Tyler Jones,OT,North Carolina State,75,306,,31.5,23,111,7.75,4.82,-1,2019
Michael Jordan,OT,Ohio State,78,312,5.27,32.5,19,116,7.71,4.71,1,2019
Brandon Knight,OT,Indiana,76,314,,,,,,,-1,2019
Chris Lindstrom,OL,Boston Col.,76,308,4.91,30.5,25,117,7.61,4.54,1,2019
Greg Little,OT,Mississippi,77,310,5.33,25,,113,,4.74,1,2019
Erik McCoy,OL,Texas A&M,76,303,4.89,31,29,107,8.28,4.62,1,2019
Kaleb McGary,OT,Washington,79,317,5.05,33.5,23,111,7.66,4.58,1,2019
Connor McGovern,OL,Penn State,77,308,,,28,112,7.66,4.57,1,2019
Joshua Miles,OT,Morgan State,77,314,5.32,36,,109,8.07,4.75,1,2019
Yosh Nijman,OT,Virginia Tech,79,324,,,27,114,8.07,4.5,-1,2019
Iosua Opeta,OL,Weber State,76,301,5.02,33,39,112,8.06,4.94,-1,2019
Javon Patterson,OL,Mississippi,75,307,5.13,27.5,27,98,7.72,4.78,1,2019
Ross Pierschbacher,OT,Alabama,76,307,5.2,22.5,20,,7.83,4.7,1,2019
Trey Pipkins,OT,Sioux Falls,78,309,5.12,33.5,16,114,7.61,4.7,1,2019
Ryan Pope,OT,San Diego State,79,320,,,25,,,,-1,2019
Ben Powers,OL,Oklahoma,76,307,,,21,,,,1,2019
Isaiah Prince,OT,Ohio State,78,305,5.09,27,23,115,7.9,5.02,1,2019
Dalton Risner,OT,Kansas State,77,312,5.3,28.5,23,110,7.69,4.52,1,2019
Tyler Roemer,OT,San Diego State,78,312,5.21,30.5,18,108,7.75,4.76,-1,2019
Dru Samia,OT,Oklahoma,77,305,5.29,27.5,28,101,7.89,4.7,1,2019
Max Scharping,OT,Northern Illinois,78,327,,28,27,108,7.77,4.69,1,2019
William Sweet,OT,North Carolina,78,313,5.27,30.5,23,111,8.01,5,-1,2019
Trevon Tate,OL,Memphis,74,293,,,22,,,,-1,2019
Jawaan Taylor,OT,Florida,77,312,,,24,,,,1,2019
Oli Udoh,OT,Elon,77,323,5.05,28.5,26,105,7.88,5.05,-1,2019
Jonah Williams,OT,Alabama,76,302,5.12,28,23,100,8.01,4.79,1,2019
Trey Adams,OL,Washington,80,318,5.6,24.5,,92,,,-1,2020
Hakeem Adeniji,OL,Kansas,76,302,5.17,34,26,115,,,1,2020
Tremayne Anchrum,OL,Clemson,74,314,5.21,24.5,26,104,,,1,2020
Ben Bartch,OL,Saint John's (MN),78,309,,,,,,,1,2020
Mekhi Becton,OL,Louisville,79,364,5.1,,23,,,,1,2020
Tyler Biadasz,OL,Wisconsin,76,314,,,,,,,1,2020
Ben Bredeson,OL,Michigan,77,315,,,,,,,1,2020
Cohl Cabral,OL,Arizona State,77,300,,,20,,,,-1,2020
Saahdiq Charles,OL,LSU,76,321,5.05,,,,,,1,2020
Cameron Clark,OL,Charlotte,76,308,5.29,25,26,101,,,1,2020
Ezra Cleveland,OL,Boise State,78,311,4.93,30,30,111,7.26,4.46,1,2020
Trystan Colon-Castillo,OL,Missouri,75,313,,,11,,,,-1,2020
Lloyd Cushenberry,OL,LSU,75,312,5.27,,25,,,,1,2020
Jack Driscoll,OL,Auburn,77,306,5.02,29.5,23,114,,,1,2020
Yasir Durant,OL,Missouri,78,331,5.52,25,21,,,,-1,2020
Jake Hanson,OL,Oregon,76,303,5.5,,33,,,,1,2020
Nick Harris,OL,Washington,73,302,5.1,29.5,20,103,,,1,2020
Charlie Heck,OL,North Carolina,80,311,5.16,28,21,112,8.02,4.86,1,2020
Matt Hennessy,OL,Temple,76,307,5.18,30,23,110,7.45,4.6,1,2020
Justin Herron,OL,Wake Forest,76,308,5.26,33,27,105,8.41,4.88,1,2020
Robert Hunt,OL,Louisiana-Lafayette,77,323,,,,,,,1,2020
Keith Ismael,OL,San Diego State,75,309,5.34,32,,108,8.14,4.65,1,2020
Cordel Iwuagwu,OL,TCU,75,309,5.22,27,25,94,8.03,4.87,-1,2020
Austin Jackson,OL,USC,77,322,5.07,31,27,115,7.95,,1,2020
Jonah Jackson,OL,Ohio State,75,306,5.23,26,28,98,7.83,5.02,1,2020
Joshua Jones,OL,Houston,77,319,5.27,28.5,24,109,,,1,2020
Solomon Kindley,OL,Georgia,75,337,,,,,,,1,2020
Shane Lemieux,OL,Oregon,76,310,5.11,25.5,,107,8.13,4.9,1,2020
Damien Lewis,OL,LSU,74,327,5.24,30,27,108,,,1,2020
Colton McKivitz,OL,West Virginia,78,306,5.35,26,20,106,7.87,5,1,2020
John Molchon,OL,Boise State,77,309,5.13,34,26,109,7.85,4.73,-1,2020
Kyle Murphy,OL,Rhode Island,75,316,5.3,28,19,104,7.81,4.68,-1,2020
Netane Muti,OL,Fresno State,75,315,,,44,,,,1,2020
Lucas Niang,OL,TCU,78,315,,,,,,,1,2020
Mike Onwenu,OL,Michigan,75,344,,,26,,,,1,2020
Matt Peart,OL,Connecticut,79,318,5.06,30,26,113,8.01,4.92,1,2020
Tyre Phillips,OL,Mississippi State,77,331,5.37,25,22,93,8.17,5.11,1,2020
Danny Pinter,OL,Ball State,76,306,4.91,29.5,24,110,7.76,4.62,1,2020
Cesar Ruiz,OL,Michigan,75,307,5.08,33,28,113,7.91,4.64,1,2020
Jon Runyan,OL,Michigan,76,306,5.08,30.5,24,107,7.57,4.69,1,2020
John Simpson,OL,Clemson,76,321,5.24,30,34,107,8.03,4.87,1,2020
Terence Steele,OL,Texas Tech,78,312,5.03,27.5,27,106,,5.08,-1,2020
Logan Stenberg,OL,Kentucky,78,317,5.3,26,,104,8,4.83,1,2020
Simon Stepaniak,OL,Indiana,76,313,,,37,,,,1,2020
Alex Taylor,OL,South Carolina State,80,308,5.09,25,21,116,7.77,4.79,-1,2020
Andrew Thomas,OL,Georgia,77,315,5.22,30.5,21,109,7.58,4.66,1,2020
Calvin Throckmorton,OL,Oregon,77,317,5.57,27,23,97,8.07,4.98,-1,2020
Prince Tega Wanogho,OL,Auburn,77,308,,,,,,,1,2020
Darryl Williams,OL,Mississippi State,74,304,5.23,25.5,23,102,7.88,4.76,-1,2020
Jedrick Wills,OL,Alabama,76,312,5.05,34.5,,113,,4.84,1,2020
Isaiah Wilson,OL,Georgia,78,350,5.32,29,26,110,8.26,5.07,1,2020
Tristan Wirfs,OL,Iowa,77,320,4.85,36.5,24,121,7.65,4.68,1,2020
Jack Anderson,OL,Texas Tech,76,314,5.28,29.5,27,105,7.9,4.83,1,2021
Calvin Ashley,OL,Florida A&M,78,314,5.49,29,15,105,7,5.1,-1,2021
Kayode Awosika,OL,Buffalo,75,307,5.19,30,28,100,8.15,4.91,-1,2021
Josh Ball,OL,Marshall,79,308,5.2,27.5,28,106,7.77,4.7,1,2021
Aaron Banks,OL,Notre Dame,77,325,5.32,31,24,100,7.69,4.89,1,2021
Cole Banwart,OL,Iowa,73,298,5.12,27.5,22,103,7.5,4.7,-1,2021
Chase Behrndt,OL,West Virginia,75,324,5.55,24.5,25,101,8.21,4.93,-1,2021
Larry Borom,OL,Missouri,77,322,5.12,31,,,,,1,2021
Deonte Brown,OL,Alabama,75,344,,27,,,,,1,2021
John Brunner,OL,North Texas,74,294,,32.5,11,121,6.77,4.3,-1,2021
Jake Burton,OL,Baylor,77,303,5.49,26,22,100,8.22,4.97,-1,2021
Donavaughn Campbell,OL,Louisiana Tech,76,336,5.62,22,,93,8.34,5.15,-1,2021
Jackson Carman,OT,Clemson,76,317,,,,,,,1,2021
Brady Christensen,OL,BYU,,,,34,30,124,,,1,2021
Ben Cleveland,OL,Georgia,78,343,5.05,28,30,102,,4.88,1,2021
Samuel Cosmi,OL,Texas,77,314,4.87,30,36,117,7.35,4.39,1,2021
Harry Crider,OL,Indiana,74,307,5.25,27,31,102,7.63,4.68,-1,2021
Jake Curhan,OL,California,77,316,5.45,24,15,102,8.07,4.84,-1,2021
Drew Dalman,C,Stanford,75,299,5.11,33,33,109,7.33,4.52,1,2021
Wyatt Davis,OL,Ohio St.,75,315,,,25,,,,1,2021
Jon Dietzen,OL,Wisconsin,76,312,5.32,27,19,106,7.64,4.85,-1,2021
Adrian Ealy,OL,Oklahoma,78,321,5.42,24.5,18,104,8.82,4.87,-1,2021
Liam Eichenberg,OL,Notre Dame,78,306,,26.5,33,105,7.53,4.58,1,2021
Matt Farniok,OL,Nebraska,77,311,5.2,33,28,105,7.14,4.8,-1,2021
Parker Ferguson,T,Air Force,75,306,5.19,31,24,105,7.75,4.9,-1,2021
Stone Forsythe,OL,Florida,80,307,5.14,27.5,25,103,7.47,4.65,1,2021
Will Fries,OL,Penn St.,78,309,5.37,31,24,115,7.77,4.53,1,2021
Kendrick Green,OL,Illinois,73,305,4.89,35.5,25,119,7.79,4.67,1,2021
Robert Hainsey,OL,Notre Dame,76,306,5.2,27.5,32,104,7.58,4.63,1,2021
Noah Hannon,OL,Appalachian St.,72,238,5.15,29.5,15,108,7.37,4.68,-1,2021
Bryce Hargrove,OL,Pittsburgh,75,310,5.46,27,26,97,8.06,5.03,-1,2021
Darius Harper,OL,Cincinnati,78,300,5.05,30.5,16,105,7.7,4.54,-1,2021
Brett Heggie,OL,Florida,76,310,5.5,26,21,105,7.66,4.69,-1,2021
Grant Hermanns,OL,Purdue,79,300,,27,29,107,7.76,4.81,-1,2021
Trey Hill,OL,Georgia,75,319,5.5,,,,,,1,2021
James Hudson,OL,Cincinnati,76,313,5.27,28.5,22,98,8.05,4.79,1,2021
Creed Humphrey,OL,Oklahoma,76,302,5.11,33,29,112,7.5,4.49,1,2021
Sadarius Hutcherson,OL,South Carolina,,321,4.95,,36,,,,-1,2021
Alaric Jackson,OL,Iowa,78,321,5.2,25,,103,7.7,,-1,2021
Drake Jackson,C,Kentucky,73,293,,31,,,,,-1,2021
Brenden Jaimes,OL,Nebraska,77,298,,30.5,25,112,7.5,4.51,1,2021
Teven Jenkins,OL,Oklahoma St.,77,317,5.01,32.5,36,106,7.72,4.66,1,2021
Adam Jewell,OL,Air Force,74,289,5.37,27.5,,107,,,-1,2021
Robert Jones,OL,Middle Tenn. St.,76,319,5.36,,,,,,-1,2021
Ben Knutson,OL,Tulane,79,301,5.27,24,12,99,8.01,4.85,-1,2021
Tommy Kraemer,OL,Notre Dame,77,309,,,,,,,-1,2021
Cole Van Lanen,OL,Wisconsin,76,305,5.11,30,22,107,7.34,4.64,1,2021
Nolan Laufenberg,OL,Air Force,76,312,5.34,29.5,,105,7.7,4.77,-1,2021
Alex Leatherwood,OL,Alabama,77,312,4.96,34.5,,118,,,1,2021
Walker Little,OT,Stanford,79,313,5.3,29.5,24,111,7.44,4.59,1,2021
Quinn Meinerz,OL,Wisconsinâ€“Whitewater,74,320,4.99,32,,111,7.54,4.58,1,2021
Jordan Meredith,OL,Western Kentucky,74,302,5.11,32,25,109,7.41,4.62,-1,2021
Jaylon Moore,T,West. Michigan,76,311,5.25,30,27,106,7.77,4.67,1,2021
Jimmy Morrissey,OL,Pittsburgh,75,303,5.31,31,26,105,7.39,4.47,1,2021
Josh Myers,C,Ohio St.,77,310,,,29,,,,1,2021
Ryan Neuzil,OL,Appalachian St.,74,301,5.09,29,30,102,7.41,4.53,-1,2021
Royce Newman,OL,Mississippi,77,310,5.14,28,23,104,7.91,4.75,-1,2021
Jarrett Patterson,OL,Notre Dame,78,295,4.52,,,,,,-1,2021
Dillon Radunz,OT,North Dakota St.,77,301,5.16,32,24,112,7.27,4.57,1,2021
Teton Saltes,OL,New Mexico,76,300,5.04,30.5,22,105,7.76,4.64,-1,2021
Foster Sarell,OL,Stanford,78,318,5.54,27,26,97,7.63,4.69,-1,2021
Ry Schneider,OL,Oklahoma St.,74,312,5.67,23.5,26,85,8.51,5.37,-1,2021
Penei Sewell,OL,Oregon,76,331,5.13,28,30,109,7.76,4.68,1,2021
William Sherman,OL,Colorado,75,304,5.19,26,23,108,7.71,4.82,1,2021
Jacob Shoemaker,OL,South Alabama,75,319,5.49,24,20,93,8.2,5.02,-1,2021
Rashawn Slater,OL,Northwestern,76,304,4.91,33,33,112,7.48,4.45,1,2021
D'Ante Smith,OL,East Carolina,77,305,5.29,29,24,113,7.96,4.81,-1,2021
Tim Tanner-Blair,OL,Bowling Green,75,288,5.59,21,32,93,8.06,4.95,-1,2021
Syrus Tuitele,OL,Fresno St.,77,311,5.21,26,36,94,8.25,4.89,-1,2021
Alijah Vera-Tucker,OL,USC,76,308,5.05,32,36,106,7.67,4.7,1,2021
Gunnar Vogel,OL,Northwestern,78,306,5.47,26,23,105,7.67,4.92,-1,2021
Carson Williams,OL,Arkansas St.,76,254,4.79,38,18,115,,,-1,2021
Landon Young,OT,Kentucky,78,310,5,30.5,34,108,7.7,4.89,1,2021
